consumo_kwh,cantidad_equipos,horas_alto_consumo,tipo_inmueble,uso_horario_pico,numero_habitantes,antiguedad_inmueble,calefaccion,aire_acondicionado,categoria
1128,13,2,Casa,True,6,44,True,False,Moderado
1500,12,9,Local,True,4,46,False,True,Ineficiente
1348,6,6,Oficina,True,1,26,True,False,Moderado
241,19,10,Apartamento,False,3,11,True,False,Moderado
546,20,3,Apartamento,False,3,12,False,False,Eficiente
410,24,10,Oficina,False,6,7,False,False,Moderado
200,24,13,Casa,True,4,15,True,False,Moderado
951,7,15,Apartamento,False,4,28,False,False,Ineficiente
273,23,9,Apartamento,True,4,34,False,True,Moderado
1103,19,10,Casa,False,2,28,False,True,Moderado
423,7,5,Local,True,1,30,False,False,Moderado
1380,5,2,Oficina,True,3,12,True,True,Moderado
465,13,2,Local,True,1,11,False,False,Eficiente
1035,20,6,Casa,False,1,50,False,False,Moderado
356,3,3,Casa,False,1,1,False,False,Moderado
700,18,15,Apartamento,True,4,32,False,True,Moderado
131,12,9,Casa,True,6,7,False,True,Moderado
398,12,11,Apartamento,False,6,40,True,False,Moderado
827,22,12,Apartamento,False,4,39,False,False,Moderado
936,17,6,Apartamento,False,3,48,False,False,Moderado
720,3,6,Apartamento,True,3,40,False,True,Moderado
1162,3,3,Apartamento,True,3,31,False,False,Moderado
920,24,8,Casa,False,6,37,True,True,Moderado
1012,9,14,Casa,True,6,27,False,True,Ineficiente
1371,14,9,Apartamento,True,1,14,False,True,Ineficiente
322,11,11,Apartamento,False,4,22,True,False,Moderado
1348,9,14,Local,False,2,23,False,True,Ineficiente
995,5,2,Local,True,1,12,False,True,Moderado
1348,16,3,Oficina,False,5,20,False,True,Moderado
770,2,11,Casa,False,6,11,True,False,Ineficiente
911,12,5,Casa,True,1,12,False,False,Moderado
1132,8,6,Casa,True,4,38,True,True,Moderado
100,18,14,Local,False,5,22,False,False,Moderado
1104,21,3,Apartamento,False,1,49,True,False,Moderado
383,19,2,Local,False,4,45,True,True,Eficiente
728,23,10,Apartamento,False,4,42,True,True,Moderado
816,23,15,Oficina,True,6,27,True,False,Moderado
513,13,2,Oficina,False,2,13,False,True,Eficiente
120,10,14,Casa,True,1,16,False,True,Moderado
321,6,5,Apartamento,False,4,23,False,False,Moderado
856,11,3,Apartamento,False,3,33,False,False,Moderado
644,5,12,Casa,False,4,50,False,False,Ineficiente
977,6,5,Apartamento,False,2,47,False,False,Moderado
171,11,9,Apartamento,False,4,21,False,False,Moderado
1500,12,9,Casa,True,6,9,True,True,Ineficiente
764,22,12,Apartamento,False,1,7,False,True,Moderado
855,11,13,Apartamento,True,6,20,False,False,Ineficiente
114,9,10,Casa,False,1,36,False,False,Moderado
285,3,14,Apartamento,True,5,6,False,False,Ineficiente
1500,24,12,Casa,True,1,25,True,True,Moderado
1436,9,13,Local,False,5,12,False,True,Ineficiente
1431,17,6,Casa,False,6,15,False,True,Moderado
645,23,8,Oficina,True,3,29,False,False,Moderado
1016,6,4,Apartamento,False,2,30,False,True,Moderado
481,4,11,Casa,False,3,4,False,False,Ineficiente
970,13,5,Apartamento,False,5,31,True,False,Moderado
375,14,11,Apartamento,False,4,15,True,True,Moderado
365,14,10,Apartamento,False,4,46,False,True,Moderado
1397,11,11,Apartamento,False,3,8,False,True,Ineficiente
453,5,11,Apartamento,True,4,21,False,True,Ineficiente
1163,10,15,Casa,False,5,43,False,True,Ineficiente
695,23,13,Casa,False,6,39,False,True,Moderado
1315,24,2,Local,False,2,44,True,False,Moderado
375,3,3,Apartamento,True,1,36,False,False,Moderado
1246,20,6,Casa,True,5,13,True,True,Moderado
500,2,4,Local,False,5,15,True,False,Moderado
958,8,3,Casa,True,1,42,False,False,Moderado
1156,18,2,Local,False,1,19,False,False,Moderado
1132,4,11,Casa,True,2,43,False,True,Ineficiente
355,21,4,Casa,True,2,14,True,False,Moderado
843,21,2,Oficina,True,2,43,False,False,Eficiente
320,22,13,Casa,False,4,25,True,False,Moderado
459,4,2,Local,True,5,8,False,False,Moderado
892,4,13,Casa,False,6,0,True,True,Ineficiente
1144,18,2,Apartamento,False,1,34,False,False,Moderado
112,8,9,Oficina,False,5,43,True,False,Moderado
172,15,4,Casa,False,5,19,True,False,Moderado
600,18,12,Local,True,2,44,False,False,Moderado
1134,19,2,Apartamento,True,2,5,True,True,Moderado
1500,14,8,Apartamento,True,5,41,False,True,Ineficiente
672,21,11,Apartamento,False,2,9,False,False,Moderado
565,21,4,Oficina,False,4,47,True,False,Moderado
498,22,9,Casa,False,1,32,False,False,Moderado
368,19,5,Casa,True,5,15,False,False,Moderado
595,5,5,Oficina,False,1,35,False,True,Moderado
310,2,6,Local,True,4,5,False,False,Moderado
1500,19,7,Casa,False,2,18,True,True,Moderado
144,2,8,Apartamento,True,3,30,True,False,Ineficiente
1357,14,15,Apartamento,False,4,1,True,False,Ineficiente
333,21,15,Apartamento,False,3,17,True,True,Moderado
364,21,5,Casa,True,1,41,False,True,Moderado
1340,24,9,Apartamento,True,5,27,True,True,Moderado
1311,11,14,Casa,True,2,3,False,True,Ineficiente
1363,12,7,Local,True,4,0,True,False,Moderado
1496,10,15,Local,True,2,46,False,True,Ineficiente
907,10,2,Apartamento,False,3,41,True,True,Moderado
758,6,2,Casa,True,3,49,True,True,Moderado
884,2,10,Casa,False,6,15,False,False,Ineficiente
277,18,11,Apartamento,True,5,44,True,True,Moderado
991,23,7,Local,False,3,46,False,True,Moderado
805,3,11,Casa,False,5,1,False,False,Ineficiente
1352,14,9,Apartamento,True,6,35,False,True,Ineficiente
899,10,14,Casa,True,4,0,False,True,Ineficiente
722,5,8,Casa,True,6,38,False,False,Ineficiente
1440,6,13,Casa,True,5,22,False,True,Ineficiente
582,12,7,Casa,False,3,25,False,False,Moderado
846,20,5,Casa,False,1,10,False,False,Moderado
477,22,8,Apartamento,False,5,41,False,False,Moderado
1235,4,10,Oficina,False,2,0,False,True,Ineficiente
874,13,15,Local,False,1,10,False,False,Ineficiente
472,20,12,Casa,False,5,23,False,False,Moderado
371,20,11,Casa,False,2,9,False,True,Moderado
1500,14,11,Casa,False,6,13,True,True,Ineficiente
1165,8,15,Casa,True,1,13,True,False,Ineficiente
1131,16,8,Apartamento,True,5,6,True,False,Ineficiente
986,24,2,Apartamento,False,4,22,True,False,Moderado
771,8,11,Casa,True,6,42,True,False,Ineficiente
1100,9,10,Casa,True,2,21,False,False,Ineficiente
273,6,14,Casa,False,4,35,True,True,Moderado
564,22,5,Casa,True,3,26,False,False,Moderado
372,15,4,Local,False,6,1,True,False,Moderado
993,5,5,Casa,True,6,38,True,False,Moderado
806,24,5,Apartamento,False,5,50,False,True,Moderado
1480,11,14,Apartamento,False,5,45,False,True,Ineficiente
785,21,11,Oficina,True,2,18,False,True,Moderado
1189,16,12,Oficina,False,6,6,False,False,Ineficiente
657,19,3,Local,False,5,11,False,False,Eficiente
1187,21,15,Casa,True,3,2,True,True,Moderado
826,14,13,Apartamento,True,5,46,False,True,Moderado
1310,9,15,Local,True,6,4,True,False,Ineficiente
725,10,2,Casa,False,1,7,False,False,Moderado
875,17,13,Apartamento,False,4,13,False,False,Moderado
1470,20,11,Oficina,True,6,35,False,True,Moderado
419,17,13,Apartamento,False,3,6,True,True,Moderado
712,8,2,Casa,True,6,6,False,False,Moderado
848,15,14,Casa,False,3,49,True,False,Moderado
1500,15,15,Apartamento,True,6,45,True,True,Ineficiente
946,5,9,Casa,False,4,31,True,False,Ineficiente
728,16,15,Apartamento,True,4,7,False,False,Moderado
476,4,3,Local,False,3,11,True,False,Moderado
991,6,13,Casa,False,6,9,False,True,Ineficiente
743,2,11,Oficina,False,4,13,False,False,Ineficiente
625,4,6,Apartamento,True,2,8,True,False,Moderado
643,16,13,Casa,False,6,37,False,False,Moderado
1237,9,5,Local,True,4,29,True,False,Moderado
1184,5,9,Local,False,1,4,False,False,Ineficiente
933,3,3,Apartamento,False,1,0,True,False,Moderado
192,11,11,Oficina,False,2,0,False,False,Moderado
105,5,10,Local,False,4,19,False,True,Moderado
937,4,8,Oficina,True,1,48,False,True,Ineficiente
466,3,14,Apartamento,False,6,10,True,True,Ineficiente
934,18,8,Local,False,5,25,False,False,Moderado
464,24,2,Oficina,False,4,43,False,False,Eficiente
1500,22,15,Local,False,2,2,False,True,Moderado
1051,21,13,Casa,False,4,5,False,True,Moderado
508,24,3,Apartamento,True,3,42,True,True,Eficiente
915,14,5,Apartamento,False,3,44,False,False,Moderado
366,6,5,Casa,False,1,10,False,True,Moderado
202,22,12,Oficina,False,3,7,False,False,Moderado
480,10,15,Casa,True,2,28,False,False,Moderado
1015,23,4,Casa,True,1,9,True,False,Moderado
447,7,8,Oficina,True,2,33,True,False,Moderado
430,6,13,Apartamento,False,6,23,True,False,Ineficiente
963,11,9,Casa,False,2,45,False,False,Ineficiente
277,9,3,Apartamento,True,3,47,False,False,Eficiente
1379,8,5,Apartamento,False,6,16,False,True,Moderado
831,8,15,Casa,False,3,31,False,False,Ineficiente
223,7,4,Oficina,False,2,10,False,False,Moderado
894,22,3,Apartamento,True,3,33,False,True,Eficiente
414,21,13,Apartamento,False,3,23,True,True,Moderado
705,4,14,Apartamento,True,3,4,False,True,Ineficiente
739,20,15,Apartamento,False,4,28,False,False,Moderado
1095,23,7,Casa,True,6,47,False,True,Moderado
1240,16,14,Casa,False,6,47,True,False,Ineficiente
626,5,5,Apartamento,False,6,33,False,True,Moderado
293,13,7,Local,True,2,15,False,True,Moderado
943,7,3,Casa,True,5,24,False,False,Moderado
568,20,13,Apartamento,False,2,36,False,False,Moderado
1008,5,5,Local,False,6,7,False,False,Moderado
630,16,12,Casa,False,1,28,False,False,Moderado
542,10,7,Casa,True,3,45,False,True,Moderado
951,6,15,Casa,True,3,24,False,False,Ineficiente
936,14,6,Apartamento,True,5,41,False,True,Moderado
717,24,4,Casa,True,1,22,False,True,Moderado
299,19,9,Apartamento,False,4,33,False,True,Moderado
342,6,8,Apartamento,True,2,2,False,False,Moderado
289,17,4,Apartamento,True,4,29,False,True,Moderado
552,20,7,Casa,True,1,49,False,True,Moderado
913,15,5,Apartamento,True,5,33,False,True,Moderado
1424,17,12,Local,False,1,31,False,True,Ineficiente
1248,16,6,Oficina,False,5,28,False,True,Moderado
105,23,12,Oficina,True,4,8,False,True,Moderado
1500,5,6,Apartamento,True,4,1,True,True,Moderado
432,8,8,Apartamento,True,1,38,False,True,Moderado
691,17,12,Casa,False,1,6,False,True,Moderado
1140,23,6,Casa,False,3,45,False,False,Moderado
1094,22,12,Casa,True,5,4,False,False,Moderado
105,23,4,Apartamento,False,3,7,True,False,Moderado
895,22,11,Casa,False,2,31,False,False,Moderado
373,9,6,Casa,False,2,17,False,True,Moderado
627,18,8,Oficina,False,1,37,False,True,Moderado
231,17,6,Casa,True,4,45,False,False,Moderado
133,24,6,Casa,True,2,17,False,False,Moderado
707,11,10,Casa,True,2,48,False,False,Moderado
666,11,4,Apartamento,False,3,40,False,False,Moderado
285,3,14,Apartamento,False,3,44,True,True,Ineficiente
399,10,7,Casa,False,2,15,True,False,Moderado
706,18,2,Apartamento,True,1,20,True,False,Eficiente
277,12,11,Local,True,3,9,True,True,Moderado
278,11,6,Local,True,2,41,True,False,Moderado
1500,23,9,Oficina,True,4,3,True,True,Moderado
957,18,6,Local,False,3,43,False,False,Moderado
650,5,10,Apartamento,True,2,7,True,True,Ineficiente
1405,17,12,Casa,True,5,46,True,True,Moderado
1243,21,7,Casa,False,3,18,True,False,Moderado
312,16,9,Casa,True,5,46,False,True,Moderado
880,22,11,Apartamento,True,3,39,False,False,Moderado
572,6,9,Local,True,3,39,True,False,Ineficiente
1163,7,14,Apartamento,False,6,50,False,True,Ineficiente
624,18,4,Casa,False,6,8,False,True,Moderado
719,2,8,Apartamento,True,5,29,False,False,Ineficiente
1136,20,15,Oficina,False,1,16,False,False,Moderado
767,5,8,Apartamento,True,2,39,False,False,Ineficiente
646,18,15,Local,False,1,43,True,False,Moderado
1034,10,11,Local,False,1,14,False,False,Ineficiente
713,3,13,Oficina,False,6,3,False,True,Ineficiente
1125,9,7,Local,False,2,5,False,False,Moderado
994,16,13,Local,False,6,15,True,False,Moderado
117,8,8,Casa,False,6,25,False,False,Moderado
309,7,15,Casa,False,6,36,False,False,Moderado
770,2,3,Apartamento,False,4,22,True,False,Moderado
517,16,10,Casa,True,1,12,False,False,Moderado
106,24,11,Oficina,True,1,46,False,False,Moderado
305,8,11,Casa,True,1,16,False,False,Moderado
877,18,2,Oficina,True,4,26,False,False,Moderado
566,3,2,Casa,False,3,21,True,True,Moderado
958,10,4,Casa,False,5,36,False,False,Moderado
1039,10,15,Oficina,False,5,18,False,False,Ineficiente
829,14,4,Casa,True,4,38,True,True,Moderado
1099,7,2,Casa,True,1,34,False,False,Moderado
1163,7,13,Casa,False,5,12,False,True,Ineficiente
959,21,8,Apartamento,True,4,13,False,True,Moderado
626,21,5,Casa,True,6,47,False,False,Moderado
1152,22,11,Apartamento,False,2,30,False,False,Moderado
96,4,14,Apartamento,False,5,44,False,False,Moderado
308,18,3,Local,True,2,1,False,True,Eficiente
867,18,11,Local,False,1,45,True,True,Moderado
1149,13,6,Apartamento,False,5,38,False,False,Moderado
931,17,7,Casa,False,4,36,True,True,Moderado
213,16,10,Local,False,3,13,True,False,Moderado
1140,14,5,Casa,True,5,8,False,False,Moderado
430,24,3,Apartamento,False,5,9,True,False,Eficiente
748,2,6,Apartamento,True,5,6,False,True,Moderado
495,18,4,Oficina,True,5,27,False,True,Moderado
338,4,3,Apartamento,False,4,45,False,True,Moderado
1070,16,13,Casa,False,4,24,True,True,Moderado
934,5,2,Apartamento,False,3,45,True,False,Moderado
1286,5,11,Apartamento,False,4,27,True,False,Ineficiente
351,19,3,Casa,False,4,1,False,True,Eficiente
431,18,7,Apartamento,False,1,16,False,True,Moderado
1500,20,9,Local,False,1,3,True,True,Moderado
1007,12,14,Oficina,True,2,12,False,False,Ineficiente
269,21,4,Apartamento,True,3,17,False,True,Moderado
97,4,12,Casa,True,1,2,False,False,Moderado
1006,9,10,Casa,True,3,50,True,True,Ineficiente
843,15,13,Oficina,False,3,36,False,True,Moderado
994,2,10,Local,False,5,32,False,True,Ineficiente
705,15,3,Casa,False,6,40,False,False,Moderado
1119,3,9,Casa,False,6,23,True,False,Ineficiente
1249,24,11,Local,False,6,7,True,False,Moderado
304,5,12,Casa,True,3,34,False,True,Moderado
887,20,13,Casa,True,5,1,True,True,Moderado
1123,7,6,Casa,True,2,32,False,True,Moderado
325,2,5,Casa,False,2,11,False,False,Moderado
1484,18,11,Apartamento,True,6,21,False,True,Ineficiente
838,9,6,Local,False,2,12,False,False,Moderado
802,20,5,Casa,False,5,9,False,True,Moderado
1300,22,9,Casa,True,6,16,False,True,Moderado
487,2,5,Casa,True,5,42,False,False,Moderado
942,6,14,Apartamento,False,2,4,True,True,Ineficiente
907,17,11,Casa,True,6,8,False,False,Moderado
1276,7,13,Apartamento,False,5,12,False,True,Ineficiente
149,9,14,Local,False,4,22,False,True,Moderado
764,14,15,Casa,False,4,29,False,False,Moderado
154,17,7,Casa,False,5,42,True,True,Moderado
400,4,3,Casa,False,5,3,False,False,Moderado
709,20,6,Apartamento,False,1,20,True,False,Moderado
622,13,7,Oficina,True,1,42,False,True,Moderado
733,17,6,Casa,False,3,8,False,False,Moderado
1500,12,13,Oficina,True,6,6,True,True,Ineficiente
660,11,3,Casa,True,3,15,True,False,Moderado
1195,21,15,Local,True,3,22,False,False,Moderado
913,5,8,Apartamento,False,2,22,False,False,Ineficiente
806,13,5,Apartamento,True,4,30,False,False,Moderado
933,24,9,Apartamento,True,2,4,False,False,Moderado
130,3,8,Apartamento,False,6,5,False,False,Moderado
1020,23,8,Local,False,5,50,True,True,Moderado
229,20,10,Local,False,1,0,False,False,Moderado
613,6,2,Apartamento,False,6,47,True,True,Moderado
649,9,11,Casa,False,5,27,False,False,Ineficiente
460,8,7,Casa,False,6,17,True,False,Moderado
761,15,7,Local,True,5,23,False,False,Moderado
917,24,7,Apartamento,False,1,12,False,False,Moderado
1157,4,14,Apartamento,False,5,32,False,False,Ineficiente
1406,19,13,Apartamento,True,3,9,False,True,Ineficiente
815,17,7,Oficina,False,6,6,True,True,Moderado
692,24,13,Apartamento,True,1,36,False,False,Moderado
1286,20,11,Local,False,5,31,True,False,Moderado
343,20,8,Local,True,3,44,False,False,Moderado
1387,19,15,Casa,False,3,21,True,False,Ineficiente
1500,21,11,Casa,False,4,15,True,True,Moderado
100,17,7,Local,False,3,23,True,False,Moderado
1330,9,2,Casa,False,2,13,True,True,Moderado
1242,2,4,Oficina,True,1,10,False,True,Moderado
1392,18,3,Casa,True,1,18,False,True,Moderado
1155,13,7,Casa,True,1,22,True,False,Moderado
126,22,9,Oficina,False,5,33,False,False,Moderado
1229,12,4,Apartamento,False,6,39,False,True,Moderado
902,6,11,Casa,True,5,12,False,False,Ineficiente
1319,13,9,Local,True,2,38,False,True,Ineficiente
882,18,9,Apartamento,False,6,43,True,False,Moderado
417,7,6,Apartamento,True,3,27,True,False,Moderado
583,2,9,Casa,False,5,39,False,True,Ineficiente
715,6,7,Local,True,6,15,False,False,Moderado
956,15,6,Oficina,False,3,49,False,True,Moderado
199,6,10,Casa,True,6,50,False,False,Moderado
910,23,15,Oficina,False,3,27,False,False,Moderado
1500,2,8,Oficina,False,6,3,False,True,Ineficiente
820,19,9,Apartamento,True,5,27,False,False,Moderado
254,17,2,Apartamento,False,5,11,False,True,Eficiente
870,10,12,Casa,False,2,15,False,False,Ineficiente
1419,20,3,Casa,False,4,48,False,True,Moderado
1500,23,9,Local,False,1,35,False,True,Moderado
713,6,13,Oficina,True,5,19,False,False,Ineficiente
923,3,10,Apartamento,False,5,25,True,True,Ineficiente
881,16,5,Apartamento,False,3,25,False,False,Moderado
1199,8,13,Casa,False,4,21,False,False,Ineficiente
639,5,11,Casa,False,5,8,False,False,Ineficiente
737,2,12,Apartamento,True,6,4,False,True,Ineficiente
1171,14,11,Casa,False,4,16,True,False,Ineficiente
939,21,15,Apartamento,False,1,48,True,False,Moderado
858,23,10,Casa,True,6,33,False,True,Moderado
1042,8,5,Local,False,3,1,True,False,Moderado
1222,16,11,Casa,False,2,6,False,True,Ineficiente
391,24,11,Apartamento,True,6,35,True,False,Moderado
1179,15,11,Apartamento,True,1,12,False,False,Ineficiente
233,24,10,Casa,False,6,19,False,False,Moderado
1076,20,12,Casa,True,4,29,False,False,Moderado
1500,23,8,Casa,True,4,29,True,True,Moderado
1008,21,3,Oficina,True,1,10,False,True,Eficiente
1500,19,10,Casa,True,4,30,True,True,Moderado
1500,11,5,Local,False,6,2,True,True,Moderado
1305,10,9,Oficina,False,2,1,True,False,Ineficiente
173,9,15,Local,False,6,47,False,False,Moderado
1500,11,8,Casa,False,2,2,True,True,Ineficiente
1091,18,14,Oficina,False,4,14,False,False,Moderado
638,3,8,Casa,True,6,16,True,False,Ineficiente
1288,7,9,Apartamento,False,4,47,False,True,Ineficiente
463,6,2,Oficina,True,2,6,True,True,Moderado
553,10,6,Apartamento,True,4,47,False,False,Moderado
613,6,3,Apartamento,False,5,4,True,False,Moderado
420,19,3,Casa,False,3,33,False,False,Eficiente
819,21,2,Casa,False,6,32,False,True,Eficiente
436,10,6,Apartamento,False,5,44,False,False,Moderado
122,18,3,Casa,False,4,15,True,False,Eficiente
781,18,5,Oficina,False,4,36,False,True,Moderado
1145,13,4,Oficina,False,3,2,False,True,Moderado
1093,8,4,Oficina,True,4,46,False,True,Moderado
677,4,3,Apartamento,True,3,47,False,True,Moderado
1102,11,14,Apartamento,False,6,42,False,True,Ineficiente
1314,3,7,Oficina,False,2,50,True,False,Moderado
595,4,3,Oficina,True,3,49,False,False,Moderado
1342,17,15,Apartamento,True,3,20,True,False,Ineficiente
1358,3,15,Casa,True,5,40,True,True,Ineficiente
415,11,9,Casa,False,4,7,False,False,Moderado
337,7,9,Apartamento,False,6,21,False,False,Moderado
576,23,14,Apartamento,False,2,50,False,False,Moderado
975,12,15,Local,False,1,4,False,False,Ineficiente
239,24,13,Casa,False,3,16,False,False,Moderado
931,8,6,Casa,False,1,36,False,False,Moderado
999,16,11,Casa,True,4,13,False,True,Moderado
716,7,8,Casa,True,3,38,True,True,Ineficiente
1036,21,5,Casa,False,1,40,False,False,Moderado
924,10,2,Apartamento,True,5,27,True,False,Moderado
1375,23,12,Apartamento,False,1,30,True,False,Moderado
364,21,3,Local,False,5,16,False,False,Eficiente
476,13,11,Casa,True,2,34,False,False,Moderado
118,20,11,Casa,False,4,39,False,True,Moderado
751,21,5,Apartamento,False,6,21,False,True,Moderado
1082,4,2,Oficina,True,1,44,False,True,Moderado
136,16,14,Casa,False,3,47,True,False,Moderado
806,3,9,Local,False,4,28,False,False,Ineficiente
928,22,10,Casa,True,1,9,False,False,Moderado
169,3,5,Oficina,True,3,17,False,False,Moderado
1111,23,11,Local,False,3,34,False,True,Moderado
889,4,4,Casa,False,6,43,False,True,Moderado
1049,7,3,Apartamento,False,6,15,False,False,Moderado
1101,16,6,Casa,False,3,49,False,False,Moderado
775,11,15,Oficina,False,6,48,True,True,Moderado
232,10,4,Apartamento,True,3,6,True,False,Moderado
904,2,11,Apartamento,False,1,29,False,True,Ineficiente
1176,17,8,Local,True,2,18,False,True,Moderado
1178,7,12,Local,True,6,22,False,False,Ineficiente
767,10,7,Casa,False,5,7,True,True,Moderado
808,5,2,Apartamento,False,5,16,False,False,Moderado
1430,3,13,Casa,True,5,20,False,True,Ineficiente
840,5,9,Casa,False,2,25,False,False,Ineficiente
906,2,3,Apartamento,False,3,27,True,False,Moderado
536,20,6,Casa,False,3,38,False,False,Moderado
1298,11,10,Casa,True,4,32,False,True,Ineficiente
352,22,9,Local,False,5,39,False,True,Moderado
818,16,3,Casa,True,5,18,False,False,Moderado
1374,23,10,Apartamento,True,3,28,False,True,Moderado
1305,20,6,Casa,False,5,19,True,False,Moderado
175,17,11,Casa,False,3,19,False,False,Moderado
964,22,15,Casa,False,3,9,False,True,Moderado
139,23,7,Apartamento,False,6,11,True,False,Moderado
358,5,14,Local,True,3,32,False,False,Moderado
355,3,4,Casa,False,1,24,True,False,Moderado
1229,14,14,Casa,True,1,24,False,True,Ineficiente
1237,2,4,Oficina,False,1,3,False,True,Moderado
219,18,11,Casa,True,1,3,True,True,Moderado
877,14,9,Oficina,False,2,8,False,True,Moderado
1050,5,12,Casa,False,4,14,False,True,Ineficiente
571,8,11,Local,False,4,25,True,False,Moderado
1011,18,11,Casa,False,3,14,False,True,Moderado
1500,10,13,Oficina,False,5,25,True,True,Ineficiente
332,5,3,Local,True,1,27,False,True,Moderado
741,20,12,Apartamento,True,4,6,True,True,Moderado
817,2,13,Casa,False,4,31,True,True,Ineficiente
155,11,13,Local,True,1,11,False,False,Moderado
344,5,3,Apartamento,False,2,34,False,False,Moderado
833,10,14,Casa,True,2,31,True,True,Moderado
1036,14,6,Casa,True,4,8,False,True,Moderado
814,15,7,Local,False,2,13,False,False,Moderado
1209,11,13,Casa,False,6,12,False,True,Ineficiente
289,7,3,Apartamento,False,1,43,False,True,Eficiente
964,17,6,Apartamento,False,4,32,False,False,Moderado
1172,7,8,Oficina,False,1,31,False,False,Ineficiente
475,18,11,Oficina,True,2,18,False,False,Moderado
1128,11,11,Oficina,True,1,29,False,False,Ineficiente
1232,19,9,Casa,False,2,15,True,False,Moderado
1164,23,13,Oficina,False,2,11,True,False,Moderado
777,19,8,Casa,False,1,9,True,False,Moderado
1500,4,9,Apartamento,False,2,1,True,True,Ineficiente
225,21,15,Apartamento,True,6,17,True,False,Moderado
1488,22,13,Casa,True,3,12,False,True,Moderado
1318,16,10,Oficina,False,1,28,False,True,Ineficiente
477,16,6,Casa,False,3,23,False,False,Moderado
713,5,14,Apartamento,True,1,37,False,False,Ineficiente
974,10,6,Local,True,2,11,True,False,Moderado
408,20,12,Local,True,2,28,False,True,Moderado
737,18,11,Casa,False,4,21,False,False,Moderado
996,12,5,Apartamento,False,6,35,True,False,Moderado
867,10,14,Local,False,4,0,False,True,Ineficiente
1112,11,10,Casa,False,3,42,False,False,Ineficiente
1500,19,6,Apartamento,False,2,39,False,True,Moderado
1500,21,15,Casa,False,4,33,True,True,Moderado
742,14,3,Apartamento,True,2,33,False,True,Moderado
1289,9,11,Oficina,True,1,47,False,True,Ineficiente
249,8,9,Apartamento,True,4,32,False,False,Moderado
1332,18,8,Apartamento,False,3,3,False,True,Ineficiente
874,22,9,Apartamento,False,4,37,False,False,Moderado
926,24,13,Apartamento,False,2,29,False,True,Moderado
108,16,4,Casa,False,5,45,False,False,Moderado
418,21,5,Casa,True,5,19,False,False,Moderado
752,16,6,Apartamento,False,6,25,False,True,Moderado
590,2,7,Apartamento,False,2,14,False,False,Moderado
355,15,2,Apartamento,False,1,6,True,False,Eficiente
1173,6,5,Casa,True,4,6,False,False,Moderado
524,12,12,Casa,False,5,49,False,False,Moderado
955,17,13,Casa,False,1,28,False,False,Moderado
295,3,11,Oficina,False,2,22,True,False,Ineficiente
221,9,14,Apartamento,False,1,33,False,True,Moderado
793,12,6,Casa,False,2,19,False,False,Moderado
153,19,8,Casa,True,6,14,False,True,Moderado
327,4,14,Oficina,True,4,32,False,True,Moderado
1141,2,6,Casa,True,1,16,True,True,Moderado
999,12,14,Local,True,4,19,True,False,Ineficiente
1161,17,14,Casa,False,1,12,False,False,Ineficiente
865,19,2,Oficina,False,2,43,True,True,Eficiente
695,17,12,Oficina,False,2,23,False,True,Moderado
908,24,8,Apartamento,True,1,46,False,False,Moderado
1266,11,9,Casa,False,6,36,False,True,Ineficiente
1500,19,14,Casa,True,2,6,True,True,Ineficiente
559,7,8,Apartamento,True,3,7,True,False,Ineficiente
427,20,12,Apartamento,False,3,22,False,False,Moderado
349,5,15,Casa,False,4,13,False,True,Moderado
700,14,14,Casa,True,3,3,True,False,Moderado
903,15,5,Apartamento,True,3,20,False,False,Moderado
1008,4,9,Apartamento,False,6,45,False,False,Ineficiente
1500,11,6,Casa,True,6,9,True,True,Moderado
332,7,11,Casa,True,5,21,True,True,Moderado
178,2,10,Oficina,False,5,29,False,True,Ineficiente
916,24,13,Apartamento,True,6,29,True,False,Moderado
901,15,13,Local,True,5,15,True,False,Moderado
393,9,11,Apartamento,False,6,10,True,True,Moderado
894,20,6,Casa,False,5,21,False,False,Moderado
159,15,2,Casa,False,2,28,False,False,Eficiente
1158,11,13,Casa,True,6,24,True,False,Ineficiente
338,18,10,Local,True,4,13,True,False,Moderado
1011,10,13,Apartamento,True,4,13,True,False,Ineficiente
163,7,6,Casa,True,6,1,False,True,Moderado
882,12,7,Oficina,False,3,12,True,False,Moderado
550,8,5,Casa,False,4,2,False,False,Moderado
1500,18,7,Oficina,False,3,29,True,True,Moderado
1338,2,13,Oficina,True,4,17,True,False,Ineficiente
1271,23,9,Casa,True,1,35,True,True,Moderado
1121,6,4,Casa,False,1,20,False,True,Moderado
1361,10,6,Apartamento,True,6,18,False,True,Moderado
437,19,3,Apartamento,False,4,15,False,False,Eficiente
1261,22,15,Apartamento,False,2,27,True,False,Moderado
1165,3,3,Oficina,False,3,3,True,True,Moderado
452,12,14,Local,False,4,50,False,False,Moderado
1111,7,8,Casa,False,6,14,False,False,Ineficiente
755,9,11,Casa,True,3,0,False,False,Ineficiente
263,5,14,Apartamento,True,5,47,True,True,Moderado
1212,19,11,Casa,False,6,46,True,True,Moderado
742,12,15,Local,True,4,15,True,False,Moderado
811,6,12,Casa,False,2,19,False,False,Ineficiente
948,16,11,Casa,False,5,32,False,False,Moderado
120,19,7,Casa,False,6,16,False,False,Moderado
982,3,5,Local,False,4,4,True,False,Moderado
755,23,6,Casa,True,1,4,False,True,Moderado
1038,12,2,Local,False,4,38,False,False,Moderado
1500,14,8,Apartamento,False,1,12,True,True,Ineficiente
702,5,9,Local,False,1,43,False,True,Ineficiente
1054,23,10,Apartamento,True,6,35,False,True,Moderado
831,8,9,Casa,False,4,29,False,False,Ineficiente
1004,12,6,Local,True,4,3,False,False,Moderado
1284,23,4,Casa,False,1,22,False,True,Moderado
609,5,11,Apartamento,True,3,20,False,True,Ineficiente
1250,16,12,Casa,False,5,20,False,True,Ineficiente
335,2,10,Local,True,2,5,False,False,Ineficiente
788,24,7,Oficina,True,4,23,False,False,Moderado
529,4,6,Apartamento,True,5,46,False,False,Moderado
106,15,14,Apartamento,True,5,30,True,False,Moderado
1408,7,4,Local,True,3,18,True,True,Moderado
1368,19,7,Casa,False,5,37,True,True,Moderado
956,2,4,Oficina,False,4,11,False,False,Moderado
1440,7,11,Casa,False,6,13,False,True,Ineficiente
1423,7,13,Oficina,False,6,49,False,True,Ineficiente
706,22,7,Local,True,5,11,True,True,Moderado
1168,17,5,Local,True,4,14,False,False,Moderado
225,6,3,Apartamento,True,4,18,False,False,Eficiente
472,18,9,Apartamento,False,1,27,True,True,Moderado
256,11,5,Apartamento,False,3,39,False,False,Moderado
1211,22,10,Casa,True,2,40,False,True,Moderado
170,19,8,Apartamento,True,1,4,True,False,Moderado
1087,8,13,Apartamento,False,2,4,True,False,Ineficiente
1136,4,3,Oficina,False,4,5,False,True,Moderado
768,14,5,Apartamento,False,6,22,False,False,Moderado
184,16,6,Casa,False,1,2,False,False,Moderado
767,21,4,Casa,False,5,36,False,True,Moderado
603,20,10,Apartamento,True,5,32,False,True,Moderado
580,4,14,Casa,False,2,42,True,False,Ineficiente
1172,5,6,Casa,False,4,20,False,True,Moderado
716,6,3,Local,False,6,19,True,False,Moderado
555,2,12,Apartamento,False,2,0,False,False,Ineficiente
1229,5,4,Apartamento,True,6,38,True,True,Moderado
1326,13,15,Casa,True,3,46,True,True,Ineficiente
1351,11,10,Local,True,6,16,True,False,Ineficiente
1500,24,8,Casa,True,5,28,True,True,Moderado
756,22,3,Local,False,1,7,False,False,Eficiente
951,21,10,Casa,False,1,25,True,False,Moderado
162,14,15,Oficina,False,1,27,False,False,Moderado
1188,24,5,Apartamento,True,6,33,False,False,Moderado
1181,15,14,Apartamento,False,5,25,False,False,Ineficiente
536,24,10,Apartamento,True,6,12,False,False,Moderado
80,6,14,Apartamento,False,4,43,False,False,Moderado
156,5,3,Casa,True,5,36,True,False,Eficiente
764,15,13,Local,True,5,12,False,False,Moderado
796,11,11,Casa,False,6,37,False,False,Ineficiente
823,18,13,Oficina,False,6,24,True,True,Moderado
960,11,5,Local,True,1,46,False,False,Moderado
737,8,6,Casa,True,5,22,False,True,Moderado
176,17,3,Local,False,1,21,True,True,Eficiente
226,2,11,Casa,True,4,20,False,True,Ineficiente
1410,18,2,Casa,False,3,29,True,False,Moderado
302,22,8,Oficina,False,1,10,False,True,Moderado
329,10,11,Apartamento,False,6,3,False,False,Moderado
903,7,2,Apartamento,False,2,32,True,False,Moderado
806,20,12,Casa,True,3,46,True,True,Moderado
236,14,12,Casa,True,4,11,True,False,Moderado
1020,4,9,Oficina,True,6,8,True,False,Ineficiente
416,8,4,Casa,False,3,31,True,False,Moderado
1500,23,15,Casa,True,6,10,False,True,Moderado
409,10,11,Apartamento,False,1,36,False,True,Moderado
468,23,7,Apartamento,True,6,23,False,False,Moderado
1389,6,8,Apartamento,True,4,6,False,True,Ineficiente
1094,11,11,Casa,True,2,7,False,True,Ineficiente
624,24,2,Casa,True,1,32,False,True,Eficiente
843,18,15,Casa,True,1,24,True,False,Moderado
1099,13,7,Oficina,True,4,0,False,True,Moderado
1197,24,8,Casa,True,4,2,True,False,Moderado
932,17,7,Local,False,3,39,False,False,Moderado
657,4,5,Local,False,2,27,False,False,Moderado
200,23,2,Local,True,6,42,False,True,Eficiente
514,10,12,Oficina,False,3,32,False,False,Moderado
236,16,10,Casa,False,6,45,False,True,Moderado
1315,6,5,Casa,False,6,0,True,True,Moderado
1062,24,8,Apartamento,False,6,37,False,True,Moderado
1150,14,8,Casa,True,3,26,False,True,Ineficiente
212,15,3,Local,False,1,37,True,False,Eficiente
877,21,2,Apartamento,False,4,34,False,False,Moderado
938,16,9,Oficina,True,1,9,False,False,Moderado
801,17,9,Casa,False,2,11,True,True,Moderado
526,24,8,Oficina,True,3,9,False,False,Moderado
426,14,15,Casa,False,2,33,False,True,Moderado
245,18,9,Apartamento,False,4,23,False,False,Moderado
1381,24,4,Apartamento,False,4,27,False,True,Moderado
1099,9,12,Local,False,5,21,False,False,Ineficiente
621,22,3,Apartamento,False,2,44,False,False,Eficiente
1307,3,8,Oficina,False,1,15,True,True,Ineficiente
192,6,9,Oficina,False,2,12,True,False,Moderado
254,7,2,Oficina,False,3,35,True,False,Eficiente
1051,13,13,Casa,False,4,35,True,False,Ineficiente
1174,19,11,Oficina,False,4,42,True,False,Moderado
217,23,10,Local,False,2,22,False,False,Moderado
263,23,14,Casa,False,2,13,False,False,Moderado
1036,2,12,Casa,False,6,31,True,False,Ineficiente
1275,18,5,Casa,True,2,2,True,False,Moderado
177,12,15,Casa,False,6,26,True,False,Moderado
625,11,13,Apartamento,True,3,18,False,False,Moderado
205,20,15,Oficina,True,3,21,True,True,Moderado
369,15,5,Apartamento,True,1,0,False,True,Moderado
205,11,4,Apartamento,False,2,4,False,False,Moderado
122,16,7,Oficina,False,1,48,False,False,Moderado
247,20,2,Casa,False,5,32,False,True,Eficiente
1008,5,7,Oficina,False,3,50,True,False,Moderado
1446,3,3,Apartamento,False,4,18,True,True,Moderado
208,10,10,Apartamento,False,6,35,True,False,Moderado
1174,11,3,Casa,True,5,50,True,False,Moderado
526,12,8,Apartamento,True,4,5,True,False,Moderado
979,15,13,Casa,True,5,14,False,False,Moderado
432,8,2,Local,False,1,35,True,False,Moderado
969,24,13,Casa,False,1,32,False,True,Moderado
206,16,8,Oficina,False,6,23,True,False,Moderado
976,23,6,Casa,False,3,26,False,True,Moderado
140,20,9,Casa,True,6,48,False,False,Moderado
855,23,5,Apartamento,True,4,10,True,False,Moderado
1384,16,13,Casa,True,5,48,True,False,Ineficiente
1108,9,11,Local,True,6,22,False,False,Ineficiente
683,12,8,Oficina,True,2,32,False,False,Moderado
761,10,7,Local,True,2,40,False,False,Moderado
956,16,6,Casa,False,3,45,True,True,Moderado
1192,2,5,Apartamento,True,6,46,False,True,Moderado
868,2,8,Apartamento,False,4,28,True,False,Ineficiente
312,20,13,Local,False,2,30,False,False,Moderado
603,4,6,Casa,True,3,0,False,False,Moderado
510,11,6,Apartamento,False,6,33,True,False,Moderado
1378,9,2,Apartamento,True,3,17,True,False,Moderado
750,16,3,Casa,False,4,17,True,False,Moderado
1181,11,6,Casa,False,2,5,False,False,Moderado
1176,2,14,Apartamento,True,2,39,False,False,Ineficiente
1047,19,4,Local,False,2,0,True,False,Moderado
328,3,15,Oficina,False,1,46,False,False,Ineficiente
126,20,14,Apartamento,False,2,41,False,False,Moderado
457,14,3,Casa,False,5,29,True,True,Eficiente
381,23,15,Casa,True,1,3,True,False,Moderado
1500,2,15,Oficina,False,6,31,True,True,Ineficiente
669,3,5,Oficina,True,1,9,True,True,Moderado
223,17,5,Oficina,True,1,42,True,False,Moderado
910,16,5,Local,True,1,4,False,False,Moderado
165,14,5,Casa,True,3,8,False,True,Moderado
648,17,4,Local,False,5,4,True,True,Moderado
1129,18,14,Apartamento,False,4,10,False,False,Ineficiente
883,22,13,Casa,False,2,34,False,False,Moderado
113,8,8,Local,True,1,26,False,True,Moderado
844,18,10,Casa,False,4,3,True,False,Moderado
1244,8,13,Casa,False,3,9,True,True,Ineficiente
382,14,6,Apartamento,True,4,38,False,False,Moderado
861,6,5,Apartamento,True,1,32,True,False,Moderado
162,18,12,Oficina,False,6,37,True,False,Moderado
805,4,3,Casa,False,5,7,False,False,Moderado
943,8,3,Casa,False,4,48,True,True,Moderado
553,18,6,Casa,False,1,23,False,False,Moderado
139,8,8,Casa,False,1,38,False,True,Moderado
188,22,11,Casa,True,2,32,True,False,Moderado
532,2,11,Apartamento,False,6,40,True,False,Ineficiente
968,18,10,Apartamento,True,2,42,False,True,Moderado
605,18,14,Local,False,6,18,False,False,Moderado
1011,12,8,Oficina,False,5,1,False,True,Ineficiente
962,4,6,Apartamento,False,2,10,False,False,Moderado
1110,16,11,Casa,False,5,34,False,False,Ineficiente
1106,22,11,Casa,False,3,16,False,False,Moderado
998,12,11,Oficina,False,3,41,False,False,Ineficiente
1077,17,7,Apartamento,False,6,2,False,True,Moderado
442,23,12,Local,False,6,21,False,False,Moderado
885,10,13,Oficina,False,2,34,False,False,Ineficiente
1063,2,4,Oficina,True,3,20,False,True,Moderado
1453,23,6,Oficina,False,4,24,False,True,Moderado
564,17,9,Apartamento,False,4,38,False,False,Moderado
107,10,2,Casa,True,4,1,False,False,Eficiente
951,20,13,Oficina,False,3,0,True,False,Moderado
1142,13,2,Apartamento,False,4,6,False,False,Moderado
198,20,8,Casa,False,5,19,True,False,Moderado
319,23,15,Apartamento,True,1,42,True,True,Moderado
891,10,6,Apartamento,False,6,5,False,False,Moderado
960,8,15,Oficina,False,2,35,True,True,Ineficiente
268,15,6,Apartamento,False,5,50,True,False,Moderado
162,20,2,Casa,True,4,20,True,True,Eficiente
175,20,10,Oficina,True,1,50,True,False,Moderado
312,3,2,Local,False,2,45,False,False,Moderado
225,10,6,Apartamento,False,5,34,True,False,Moderado
296,14,11,Casa,True,2,35,True,True,Moderado
368,16,10,Casa,True,6,7,True,False,Moderado
296,4,15,Apartamento,True,3,49,True,True,Moderado
135,12,5,Casa,False,4,3,True,False,Moderado
702,22,14,Casa,True,5,42,False,False,Moderado
992,15,9,Local,True,5,15,True,False,Moderado
1051,9,7,Apartamento,True,1,2,True,True,Moderado
504,19,12,Apartamento,False,1,6,False,False,Moderado
692,20,4,Casa,True,1,1,False,False,Moderado
925,17,5,Apartamento,True,2,0,True,False,Moderado
472,3,3,Local,False,4,0,True,False,Moderado
956,9,2,Casa,True,2,37,False,False,Moderado
741,23,14,Casa,True,4,50,False,False,Moderado
356,7,15,Apartamento,False,5,6,False,False,Moderado
703,13,9,Oficina,True,2,23,False,False,Moderado
773,16,2,Apartamento,False,2,4,False,True,Moderado
922,9,15,Casa,True,2,20,False,False,Ineficiente
429,5,14,Casa,False,3,27,False,False,Ineficiente
1082,16,12,Oficina,True,6,17,True,False,Moderado
1089,21,2,Casa,False,4,23,False,True,Moderado
1500,18,5,Apartamento,True,4,31,True,True,Moderado
386,14,11,Apartamento,True,2,44,True,False,Moderado
622,19,13,Casa,False,3,32,False,False,Moderado
1371,3,11,Local,False,2,9,True,False,Ineficiente
480,14,7,Local,True,4,8,True,True,Moderado
815,14,10,Apartamento,False,6,48,False,True,Moderado
999,23,2,Casa,True,6,32,False,False,Eficiente
102,16,8,Casa,False,5,32,True,False,Moderado
853,21,11,Apartamento,True,3,6,True,True,Moderado
240,11,12,Apartamento,False,6,3,True,True,Moderado
99,4,6,Casa,True,3,27,True,False,Moderado
942,20,13,Casa,True,2,22,False,True,Moderado
236,4,9,Casa,True,5,31,True,False,Moderado
1248,23,15,Oficina,True,4,43,False,True,Moderado
699,15,8,Local,False,6,15,True,False,Moderado
1333,9,5,Oficina,False,6,45,False,True,Moderado
653,24,5,Casa,False,1,9,False,False,Moderado
354,5,7,Oficina,True,4,13,False,True,Moderado
1203,21,7,Casa,True,6,38,False,True,Moderado
1032,12,10,Apartamento,False,6,35,False,True,Ineficiente
1129,12,13,Local,False,4,33,False,False,Ineficiente
252,12,6,Casa,False,5,23,False,False,Moderado
631,3,9,Apartamento,False,3,17,True,True,Ineficiente
1427,18,6,Casa,False,4,15,True,True,Moderado
963,10,3,Casa,False,3,40,True,False,Moderado
364,3,7,Apartamento,True,5,36,True,False,Moderado
611,16,10,Apartamento,True,5,40,False,False,Moderado
192,17,14,Local,False,2,24,False,False,Moderado
284,5,4,Apartamento,False,1,7,False,True,Moderado
995,9,2,Apartamento,True,5,23,True,True,Moderado
124,10,2,Casa,True,5,19,True,True,Eficiente
202,6,14,Casa,False,3,47,True,False,Moderado
733,17,4,Oficina,False,5,29,False,False,Moderado
518,14,11,Casa,True,4,19,False,True,Moderado
340,8,6,Apartamento,False,2,17,True,True,Moderado
924,21,4,Casa,False,2,3,False,False,Moderado
439,18,10,Local,False,4,47,False,True,Moderado
1275,4,9,Local,True,6,35,False,True,Ineficiente
922,6,4,Casa,False,5,5,True,False,Moderado
115,20,10,Casa,False,1,2,False,True,Moderado
530,13,14,Apartamento,True,5,17,True,True,Moderado
301,8,7,Casa,False,2,46,True,False,Moderado
977,10,14,Casa,True,1,39,False,False,Ineficiente
92,7,8,Local,True,6,17,False,False,Moderado
624,18,5,Casa,True,3,22,True,True,Moderado
489,17,5,Oficina,True,3,34,True,False,Moderado
864,24,13,Apartamento,True,5,5,False,False,Moderado
1112,4,14,Casa,False,5,25,False,True,Ineficiente
990,22,3,Apartamento,True,1,20,False,False,Moderado
1198,5,6,Apartamento,False,1,23,False,False,Moderado
397,11,9,Casa,False,6,14,False,False,Moderado
315,6,8,Apartamento,True,5,26,False,False,Moderado
413,22,8,Casa,True,2,31,False,False,Moderado
455,23,7,Casa,False,3,11,False,False,Moderado
667,11,4,Casa,False,6,4,False,False,Moderado
923,13,6,Casa,True,1,6,True,True,Moderado
1196,11,14,Casa,True,2,21,True,False,Ineficiente
1237,14,2,Apartamento,False,5,26,False,True,Moderado
544,12,8,Apartamento,True,4,14,True,True,Moderado
877,23,10,Apartamento,False,1,38,False,False,Moderado
804,17,2,Local,False,6,44,False,False,Moderado
109,9,14,Local,True,4,34,False,True,Moderado
930,9,3,Apartamento,True,2,25,False,False,Moderado
244,9,4,Apartamento,True,3,22,True,True,Moderado
653,14,4,Casa,False,2,12,False,False,Moderado
329,3,9,Oficina,True,3,25,True,True,Ineficiente
680,13,8,Casa,True,2,2,False,False,Moderado
1145,11,7,Casa,False,1,28,False,False,Moderado
168,13,11,Local,True,1,1,False,False,Moderado
625,12,11,Casa,False,6,27,False,True,Moderado
450,16,12,Casa,False,4,22,True,False,Moderado
834,17,5,Apartamento,False,2,35,True,False,Moderado
1054,18,10,Apartamento,False,2,48,True,False,Moderado
501,3,2,Local,False,4,5,False,False,Moderado
1126,19,12,Local,True,5,10,False,False,Moderado
850,13,3,Casa,True,6,37,False,True,Moderado
288,20,15,Casa,True,2,33,False,True,Moderado
1072,24,5,Apartamento,False,6,16,False,False,Moderado
892,19,4,Casa,True,2,2,True,False,Moderado
224,18,2,Apartamento,False,2,43,False,False,Eficiente
1303,7,6,Casa,False,5,45,True,False,Moderado
756,16,8,Apartamento,True,1,33,False,True,Moderado
1404,4,3,Apartamento,False,6,21,True,True,Moderado
183,7,6,Apartamento,True,4,28,False,False,Moderado
1370,4,7,Apartamento,False,6,28,True,False,Moderado
332,2,12,Apartamento,False,5,4,True,False,Ineficiente
855,14,8,Casa,True,3,9,False,True,Moderado
733,22,2,Casa,True,3,9,True,True,Eficiente
822,15,8,Casa,False,5,8,False,True,Moderado
1118,14,5,Apartamento,False,5,20,False,False,Moderado
557,5,9,Casa,False,1,12,False,False,Ineficiente
1002,8,14,Apartamento,True,6,9,False,False,Ineficiente
499,23,5,Casa,True,6,37,False,False,Moderado
283,11,7,Apartamento,True,3,10,True,False,Moderado
754,8,10,Oficina,False,4,3,True,False,Ineficiente
1100,22,6,Casa,True,6,45,False,False,Moderado
1076,16,15,Casa,True,2,30,False,False,Moderado
1030,16,13,Casa,False,2,48,False,False,Moderado
368,5,5,Apartamento,False,1,33,False,False,Moderado
357,24,9,Apartamento,True,1,41,False,True,Moderado
677,24,14,Casa,False,3,34,False,False,Moderado
774,7,10,Apartamento,False,4,38,False,True,Ineficiente
1227,21,5,Casa,True,4,38,False,True,Moderado
1150,6,4,Apartamento,True,5,32,False,True,Moderado
894,21,9,Apartamento,True,1,7,False,False,Moderado
307,13,15,Local,False,6,31,False,False,Moderado
460,2,6,Casa,False,2,32,True,True,Moderado
1335,9,3,Oficina,True,6,7,False,True,Moderado
112,2,11,Local,True,2,45,True,False,Moderado
151,6,10,Casa,False,3,13,True,False,Moderado
403,23,4,Casa,False,2,33,False,False,Moderado
1107,7,13,Apartamento,False,6,7,True,False,Ineficiente
209,22,3,Local,False,6,50,False,False,Eficiente
226,4,2,Local,False,4,41,False,True,Moderado
706,16,15,Apartamento,False,4,6,False,False,Moderado
1084,6,9,Oficina,True,1,12,False,True,Ineficiente
1134,15,12,Casa,True,6,20,False,True,Moderado
192,19,4,Casa,True,3,46,False,True,Moderado
90,17,8,Oficina,False,2,31,False,False,Moderado
1141,7,2,Local,False,1,10,True,False,Moderado
754,15,2,Apartamento,False,5,13,True,False,Moderado
791,9,13,Local,True,5,10,False,False,Ineficiente
122,8,10,Oficina,True,2,1,True,False,Moderado
1394,9,13,Local,True,2,33,True,True,Ineficiente
552,14,9,Local,True,2,43,False,True,Moderado
457,7,13,Local,False,4,46,True,False,Moderado
689,19,14,Casa,False,2,16,True,True,Moderado
570,3,4,Local,True,5,13,True,False,Moderado
386,9,7,Casa,True,2,24,False,True,Moderado
220,12,12,Oficina,False,6,47,False,False,Moderado
1037,2,4,Apartamento,True,3,26,False,False,Moderado
1500,23,14,Apartamento,False,5,7,True,True,Moderado
1072,7,13,Apartamento,True,3,16,False,False,Ineficiente
1179,17,5,Casa,True,5,4,False,True,Moderado
762,21,2,Casa,True,1,11,False,False,Moderado
1407,13,6,Oficina,True,6,37,False,True,Moderado
565,12,2,Oficina,False,5,17,False,True,Eficiente
1413,11,14,Casa,True,6,25,False,True,Ineficiente
967,4,2,Oficina,True,5,30,False,False,Moderado
247,14,11,Local,False,3,36,True,False,Moderado
1414,4,12,Apartamento,True,3,5,False,True,Ineficiente
683,16,12,Casa,True,5,40,False,False,Moderado
1420,17,15,Oficina,False,5,14,False,True,Ineficiente
169,14,8,Apartamento,False,4,41,False,True,Moderado
1132,18,13,Oficina,False,6,48,False,False,Moderado
1115,4,7,Local,True,6,25,False,True,Moderado
893,21,3,Local,True,6,50,False,False,Eficiente
499,12,15,Apartamento,True,6,11,False,False,Moderado
1500,22,12,Casa,True,1,40,True,True,Moderado
904,20,13,Casa,False,1,46,False,False,Moderado
1104,23,3,Casa,False,2,13,False,False,Moderado
775,12,12,Casa,False,5,0,True,False,Moderado
702,17,8,Apartamento,True,5,16,True,True,Moderado
1218,22,2,Apartamento,False,5,32,True,False,Moderado
888,4,14,Oficina,False,5,28,True,False,Ineficiente
1500,23,3,Casa,True,6,44,True,True,Moderado
438,7,13,Apartamento,False,6,30,True,True,Moderado
509,15,9,Casa,False,1,7,False,True,Moderado
305,19,7,Casa,False,3,29,True,True,Moderado
1016,18,15,Casa,False,4,12,False,False,Moderado
850,5,3,Local,True,6,15,False,True,Moderado
503,24,8,Casa,True,6,1,True,True,Moderado
800,16,5,Local,True,6,44,False,True,Moderado
154,12,3,Casa,False,3,17,False,False,Eficiente
558,4,13,Oficina,True,3,34,True,False,Ineficiente
664,4,7,Local,False,1,44,True,False,Moderado
775,17,12,Oficina,False,6,18,True,True,Moderado
511,6,10,Oficina,False,4,12,True,False,Ineficiente
1121,22,12,Oficina,True,5,50,True,True,Moderado
1221,11,10,Oficina,True,6,3,True,False,Ineficiente
1500,20,15,Apartamento,False,1,18,True,True,Ineficiente
1241,5,9,Casa,False,1,49,False,True,Ineficiente
1313,20,4,Casa,False,4,24,True,True,Moderado
965,12,4,Casa,True,2,37,False,True,Moderado
162,3,3,Apartamento,False,1,50,True,True,Moderado
789,11,6,Apartamento,False,3,30,False,False,Moderado
307,12,15,Oficina,False,3,35,True,False,Moderado
473,21,13,Oficina,False,5,3,False,True,Moderado
170,17,15,Apartamento,False,1,38,True,False,Moderado
1082,20,5,Apartamento,True,5,6,False,False,Moderado
1155,24,8,Oficina,True,1,15,True,True,Moderado
968,12,5,Casa,False,4,47,False,True,Moderado
366,15,10,Local,True,6,4,True,True,Moderado
1152,3,13,Casa,False,1,46,False,False,Ineficiente
1255,24,13,Apartamento,False,2,22,True,False,Moderado
1206,6,3,Casa,False,3,35,False,True,Moderado
1500,6,12,Oficina,False,4,31,True,True,Ineficiente
921,20,15,Apartamento,True,6,23,True,False,Moderado
227,22,7,Casa,True,6,24,False,False,Moderado
421,13,8,Casa,False,3,44,False,False,Moderado
721,19,5,Apartamento,True,6,27,False,True,Moderado
1166,5,14,Oficina,False,5,18,False,False,Ineficiente
640,23,7,Local,False,4,6,False,False,Moderado
527,18,8,Apartamento,True,2,43,False,True,Moderado
1282,11,5,Casa,True,3,40,True,False,Moderado
458,21,9,Apartamento,False,1,16,True,True,Moderado
668,7,10,Local,False,1,1,False,True,Ineficiente
1031,15,2,Local,True,1,15,False,False,Moderado
1042,12,8,Casa,False,4,38,False,True,Ineficiente
111,12,10,Local,False,2,17,False,False,Moderado
973,19,13,Apartamento,False,6,38,False,True,Moderado
364,24,11,Oficina,True,2,0,False,False,Moderado
660,23,6,Oficina,True,2,2,False,True,Moderado
438,19,13,Local,False,3,20,True,False,Moderado
1458,24,3,Local,False,4,29,False,True,Moderado
126,12,11,Casa,True,1,10,False,True,Moderado
848,22,7,Local,False,3,21,False,False,Moderado
669,13,13,Apartamento,False,6,46,False,False,Moderado
1089,6,13,Casa,True,2,24,False,False,Ineficiente
327,24,8,Casa,False,1,2,True,False,Moderado
697,10,3,Local,False,4,29,True,False,Moderado
1387,10,3,Casa,True,5,23,False,True,Moderado
193,23,11,Apartamento,True,2,44,False,False,Moderado
1231,11,15,Apartamento,False,2,35,True,False,Ineficiente
910,23,13,Casa,True,2,22,False,False,Moderado
1204,20,11,Casa,True,2,7,True,False,Moderado
134,2,2,Local,False,1,3,False,False,Moderado
1054,8,5,Local,False,4,49,True,False,Moderado
857,5,8,Casa,False,3,38,False,False,Ineficiente
313,2,15,Oficina,False,1,42,False,True,Ineficiente
199,16,10,Local,True,4,30,True,False,Moderado
174,9,4,Apartamento,True,3,28,False,True,Moderado
1444,13,13,Local,True,2,35,False,True,Ineficiente
1094,23,12,Oficina,True,4,12,True,False,Moderado
392,23,8,Apartamento,False,2,40,False,False,Moderado
1089,19,8,Casa,False,4,8,False,True,Moderado
678,16,8,Oficina,False,6,20,False,True,Moderado
407,18,3,Apartamento,True,5,50,False,False,Eficiente
1157,15,7,Casa,True,2,2,False,False,Moderado
1092,15,3,Apartamento,False,2,24,False,True,Moderado
855,19,7,Apartamento,False,2,24,False,True,Moderado
1154,21,14,Oficina,True,6,11,False,False,Moderado
1086,19,11,Apartamento,False,1,28,False,False,Moderado
273,17,4,Casa,True,3,10,True,True,Moderado
1500,2,15,Apartamento,True,2,10,False,True,Ineficiente
1500,24,3,Apartamento,False,2,48,False,True,Moderado
893,12,13,Casa,True,1,25,False,False,Ineficiente
570,16,15,Apartamento,False,1,13,False,False,Moderado
828,13,7,Local,True,5,15,True,True,Moderado
292,9,3,Casa,True,4,9,True,False,Eficiente
339,23,6,Apartamento,True,2,30,False,True,Moderado
712,21,3,Casa,False,4,30,False,True,Eficiente
989,7,4,Casa,False,1,35,False,False,Moderado
814,4,4,Casa,False,1,9,False,False,Moderado
902,14,7,Casa,False,5,25,False,False,Moderado
1227,14,7,Local,False,3,19,True,False,Moderado
111,3,11,Casa,True,6,43,False,True,Moderado
490,6,4,Local,True,6,8,True,False,Moderado
854,18,4,Casa,True,6,14,False,False,Moderado
299,7,14,Oficina,True,1,8,False,True,Moderado
1188,3,13,Apartamento,False,2,6,False,False,Ineficiente
271,5,14,Local,True,5,25,True,False,Moderado
1192,23,2,Casa,True,3,23,True,False,Moderado
779,12,8,Apartamento,True,6,11,False,False,Ineficiente
161,9,14,Casa,True,5,19,False,False,Moderado
770,13,9,Oficina,False,1,13,False,True,Moderado
1072,9,3,Apartamento,False,6,21,True,False,Moderado
788,12,5,Apartamento,True,3,15,False,False,Moderado
1287,23,11,Local,True,4,28,True,True,Moderado
1322,21,8,Casa,True,3,31,True,False,Moderado
943,9,9,Local,False,2,18,True,False,Ineficiente
715,9,2,Apartamento,True,6,34,False,True,Moderado
475,18,5,Local,False,6,42,False,False,Moderado
408,21,7,Apartamento,False,4,31,True,False,Moderado
1060,21,4,Casa,True,4,19,True,False,Moderado
1215,24,6,Casa,True,6,50,True,False,Moderado
1279,17,11,Local,True,2,39,False,True,Moderado
1387,15,10,Apartamento,False,4,19,True,False,Ineficiente
1324,12,12,Apartamento,False,1,7,False,True,Ineficiente
933,8,14,Oficina,False,6,34,False,False,Ineficiente
672,17,4,Casa,False,3,41,False,False,Moderado
1030,14,6,Oficina,False,3,12,False,True,Moderado
1109,16,9,Oficina,False,2,40,True,True,Moderado
179,17,7,Oficina,True,1,5,False,True,Moderado
269,22,5,Local,True,4,46,False,True,Moderado
1059,24,9,Casa,True,6,15,False,True,Moderado
800,10,12,Casa,False,3,4,False,False,Ineficiente
726,4,4,Local,True,3,44,True,False,Moderado
600,20,4,Casa,False,3,50,False,False,Moderado
757,21,5,Casa,True,3,33,True,False,Moderado
379,6,10,Local,False,5,5,True,False,Moderado
893,11,6,Casa,True,2,32,True,True,Moderado
99,18,9,Oficina,True,4,14,True,False,Moderado
745,16,7,Local,False,6,14,False,False,Moderado
677,24,4,Local,True,6,13,False,True,Moderado
108,9,9,Local,False,6,38,False,False,Moderado
689,16,13,Oficina,True,4,4,False,False,Moderado
884,22,10,Local,True,2,25,False,False,Moderado
154,15,9,Apartamento,False,1,47,False,False,Moderado
917,21,14,Casa,False,2,16,False,False,Moderado
269,8,5,Oficina,True,3,42,False,True,Moderado
157,22,15,Local,False,3,46,False,True,Moderado
144,24,15,Apartamento,False,2,15,True,False,Moderado
1316,13,14,Casa,False,2,34,False,True,Ineficiente
146,18,12,Apartamento,True,4,37,False,True,Moderado
1120,18,7,Casa,True,4,22,False,False,Moderado
1077,11,2,Oficina,False,5,12,False,False,Moderado
1040,20,5,Oficina,False,6,32,True,True,Moderado
656,15,9,Casa,False,5,28,True,True,Moderado
106,12,2,Apartamento,True,6,45,False,False,Eficiente
725,3,4,Casa,True,3,33,False,False,Moderado
1263,19,2,Local,False,5,33,True,True,Moderado
296,8,10,Casa,True,5,26,True,False,Moderado
689,13,3,Apartamento,True,1,14,False,False,Moderado
347,3,10,Casa,True,2,49,False,False,Ineficiente
1170,21,14,Casa,False,4,8,False,True,Moderado
640,19,5,Apartamento,True,5,25,True,False,Moderado
1182,7,3,Casa,False,4,2,True,False,Moderado
1001,11,5,Apartamento,False,6,35,False,False,Moderado
1378,21,13,Casa,False,5,46,False,True,Moderado
937,16,12,Apartamento,True,6,4,True,False,Moderado
855,6,12,Oficina,True,5,19,True,False,Ineficiente
209,21,11,Local,False,3,19,False,False,Moderado
1428,4,7,Oficina,False,1,4,False,True,Moderado
1077,6,12,Oficina,False,6,9,True,False,Ineficiente
772,9,8,Casa,False,2,15,False,False,Ineficiente
873,9,4,Casa,False,2,24,False,False,Moderado
140,9,4,Apartamento,False,3,43,False,True,Moderado
296,13,13,Oficina,True,3,24,False,True,Moderado
117,24,11,Oficina,True,2,29,False,True,Moderado
1177,9,13,Casa,False,6,13,True,True,Ineficiente
266,12,9,Casa,True,2,21,False,False,Moderado
1151,15,6,Casa,False,1,42,False,True,Moderado
1069,9,5,Local,True,5,27,False,True,Moderado
230,11,8,Apartamento,False,1,29,False,True,Moderado
134,8,8,Casa,False,2,18,False,False,Moderado
702,18,14,Apartamento,False,5,37,False,False,Moderado
891,5,10,Apartamento,False,2,41,True,False,Ineficiente
1004,14,10,Local,True,1,19,True,False,Moderado
630,5,6,Casa,True,1,34,False,True,Moderado
177,6,14,Oficina,True,6,21,True,False,Moderado
1079,23,13,Apartamento,False,6,14,False,True,Moderado
1500,5,14,Local,False,1,10,True,True,Ineficiente
444,19,9,Local,False,5,33,False,False,Moderado
561,7,11,Casa,True,6,23,False,False,Ineficiente
436,24,2,Casa,False,6,5,True,True,Eficiente
363,23,10,Local,True,4,16,True,True,Moderado
182,3,9,Casa,False,4,27,True,False,Moderado
792,24,7,Local,False,6,49,False,False,Moderado
375,12,14,Local,False,2,30,False,False,Moderado
1120,15,4,Local,False,5,35,False,False,Moderado
140,6,4,Casa,False,3,8,False,False,Moderado
1323,7,9,Casa,False,6,9,False,True,Ineficiente
188,11,6,Apartamento,True,4,20,True,True,Moderado
135,9,11,Casa,False,5,33,False,True,Moderado
1370,15,12,Local,True,5,30,True,False,Ineficiente
273,4,15,Local,True,4,28,False,True,Moderado
187,13,8,Apartamento,True,5,42,False,False,Moderado
251,17,6,Local,False,5,42,False,False,Moderado
235,24,9,Casa,True,4,10,False,True,Moderado
1228,18,11,Casa,False,1,32,False,True,Moderado
603,2,11,Oficina,True,6,45,False,False,Ineficiente
460,24,5,Oficina,True,2,0,False,True,Moderado
1376,11,3,Apartamento,False,3,20,True,False,Moderado
896,24,4,Oficina,True,2,22,False,False,Moderado
1500,11,9,Apartamento,False,1,8,True,True,Ineficiente
1120,22,12,Casa,False,1,0,False,False,Moderado
531,3,14,Casa,False,5,20,False,True,Ineficiente
91,10,8,Oficina,False,2,21,False,False,Moderado
383,23,14,Casa,True,1,3,False,True,Moderado
501,14,3,Apartamento,True,2,0,True,False,Eficiente
740,17,7,Apartamento,True,1,50,False,False,Moderado
1420,19,10,Local,False,3,9,True,False,Ineficiente
543,20,5,Apartamento,True,1,14,True,False,Moderado
1371,13,10,Casa,True,2,35,False,True,Ineficiente
946,9,3,Casa,True,5,28,True,False,Moderado
545,18,3,Apartamento,False,2,45,False,False,Eficiente
1192,16,10,Local,True,4,4,False,False,Ineficiente
568,11,13,Apartamento,False,2,28,False,False,Moderado
196,16,8,Local,True,3,46,True,True,Moderado
857,16,8,Casa,True,6,46,False,False,Moderado
1119,24,2,Oficina,True,3,26,False,False,Moderado
790,8,14,Apartamento,False,3,24,False,False,Ineficiente
480,14,12,Casa,False,1,15,False,False,Moderado
1378,18,7,Apartamento,True,3,15,False,True,Moderado
1426,10,14,Local,True,2,35,True,False,Ineficiente
427,9,8,Oficina,False,6,24,False,True,Moderado
470,21,12,Casa,True,5,40,False,False,Moderado
414,22,15,Local,True,3,0,False,False,Moderado
1104,19,7,Casa,True,2,4,True,True,Moderado
216,14,7,Casa,True,1,40,False,False,Moderado
1250,17,3,Apartamento,True,1,19,False,True,Moderado
767,10,7,Apartamento,True,5,4,False,False,Moderado
906,13,5,Local,True,5,35,False,False,Moderado
967,13,10,Casa,False,2,28,True,False,Ineficiente
673,7,13,Casa,True,5,47,False,False,Ineficiente
1069,20,2,Apartamento,False,5,33,False,False,Moderado
586,8,14,Casa,True,1,47,False,True,Moderado
1014,4,9,Casa,False,2,17,False,False,Ineficiente
1500,17,6,Casa,True,6,1,True,True,Moderado
481,19,2,Apartamento,False,5,15,False,False,Eficiente
832,17,5,Casa,True,2,28,True,False,Moderado
1074,24,2,Apartamento,False,3,32,False,False,Moderado
1090,8,7,Casa,True,1,15,True,True,Moderado
347,5,3,Casa,True,6,34,False,True,Moderado
273,9,6,Apartamento,False,1,46,False,True,Moderado
1149,14,8,Casa,False,1,42,False,True,Ineficiente
1319,14,3,Apartamento,True,4,41,False,True,Moderado
1065,18,7,Casa,False,2,16,False,False,Moderado
340,18,7,Apartamento,True,3,3,False,True,Moderado
1062,6,6,Casa,True,5,48,False,False,Moderado
443,7,6,Casa,False,3,3,False,False,Moderado
141,20,15,Apartamento,True,2,50,True,False,Moderado
748,14,4,Oficina,False,1,24,False,True,Moderado
1061,15,11,Casa,True,4,32,False,False,Moderado
1500,23,11,Apartamento,False,2,13,True,True,Moderado
1249,5,12,Local,False,6,23,True,True,Ineficiente
95,8,13,Apartamento,False,6,10,False,False,Moderado
572,9,3,Local,False,2,24,False,False,Moderado
1500,14,8,Casa,True,5,27,True,True,Ineficiente
507,7,2,Oficina,False,3,6,False,True,Moderado
1063,7,7,Casa,True,3,48,False,True,Moderado
750,22,7,Casa,False,5,35,True,False,Moderado
591,4,4,Oficina,False,4,9,True,False,Moderado
429,4,3,Apartamento,False,1,48,False,True,Moderado
1089,14,13,Apartamento,False,1,35,False,True,Ineficiente
1142,23,3,Local,True,6,30,False,False,Moderado
1160,3,15,Apartamento,False,4,18,False,True,Ineficiente
129,17,14,Casa,True,5,17,True,False,Moderado
1348,23,10,Apartamento,False,2,48,False,True,Moderado
556,7,12,Casa,True,3,5,False,False,Ineficiente
476,9,6,Local,False,2,27,True,False,Moderado
324,24,8,Oficina,True,3,6,False,False,Moderado
1290,9,13,Casa,False,2,37,True,True,Ineficiente
1008,7,6,Apartamento,True,5,11,False,True,Moderado
547,15,8,Casa,False,5,40,True,True,Moderado
547,4,14,Casa,True,4,49,True,False,Ineficiente
345,11,5,Oficina,False,2,33,False,False,Moderado
1206,4,9,Casa,True,2,24,True,False,Ineficiente
1300,13,14,Apartamento,False,4,16,False,True,Ineficiente
502,18,12,Local,True,4,32,True,False,Moderado
730,6,15,Oficina,False,5,22,True,True,Ineficiente
656,21,11,Apartamento,True,5,8,False,False,Moderado
98,10,14,Apartamento,False,6,5,True,False,Moderado
709,22,12,Apartamento,True,2,1,True,True,Moderado
523,21,11,Oficina,True,5,37,False,True,Moderado
351,8,8,Apartamento,False,5,8,True,True,Moderado
446,23,11,Apartamento,True,2,2,True,False,Moderado
511,5,6,Casa,True,4,15,False,False,Moderado
940,14,12,Casa,False,2,24,True,False,Moderado
1028,14,7,Apartamento,False,1,23,False,False,Moderado
796,11,6,Oficina,False,2,46,True,False,Moderado
573,19,8,Oficina,True,1,28,True,False,Moderado
896,18,13,Oficina,True,2,43,False,False,Moderado
1355,21,3,Apartamento,False,1,39,False,True,Moderado
414,21,6,Local,True,1,25,True,True,Moderado
140,14,11,Local,False,2,37,False,False,Moderado
1221,18,4,Apartamento,True,6,34,True,False,Moderado
946,23,10,Casa,False,5,22,True,False,Moderado
1151,5,14,Apartamento,False,3,3,False,True,Ineficiente
140,2,7,Oficina,False,5,41,True,True,Moderado
1500,2,14,Casa,True,1,13,False,True,Ineficiente
475,16,11,Oficina,False,2,46,True,True,Moderado
643,14,4,Casa,True,2,38,False,False,Moderado
851,18,8,Local,False,2,6,False,False,Moderado
964,9,5,Apartamento,False,2,7,False,False,Moderado
366,19,15,Local,True,6,41,True,False,Moderado
904,14,4,Apartamento,True,3,50,False,False,Moderado
386,24,9,Oficina,False,4,18,False,True,Moderado
1016,15,14,Apartamento,True,1,1,False,False,Ineficiente
832,9,5,Casa,False,3,46,False,False,Moderado
760,9,12,Apartamento,True,5,0,False,True,Ineficiente
338,16,2,Casa,True,4,41,False,False,Eficiente
133,14,7,Casa,False,4,37,False,False,Moderado
1495,8,11,Casa,False,2,12,False,True,Ineficiente
1047,6,12,Oficina,True,3,41,False,True,Ineficiente
1198,18,12,Apartamento,False,5,43,True,True,Moderado
1459,17,2,Apartamento,False,2,23,False,True,Moderado
647,24,6,Casa,False,2,31,False,True,Moderado
769,3,8,Casa,True,6,29,False,False,Ineficiente
1114,23,7,Oficina,True,1,5,True,False,Moderado
141,19,15,Apartamento,False,4,37,False,False,Moderado
295,18,3,Oficina,False,5,32,False,False,Eficiente
82,8,12,Casa,True,4,43,False,False,Moderado
239,14,5,Casa,False,3,22,False,False,Moderado
860,19,12,Oficina,True,1,9,False,False,Moderado
972,15,3,Apartamento,True,2,45,False,False,Moderado
1500,19,12,Casa,False,1,14,True,True,Ineficiente
636,14,2,Casa,False,2,22,True,True,Eficiente
790,12,4,Local,True,1,35,True,False,Moderado
1237,22,4,Apartamento,False,2,0,True,False,Moderado
714,22,13,Apartamento,False,4,7,False,False,Moderado
1067,17,8,Casa,False,4,2,False,False,Ineficiente
1000,24,2,Casa,False,4,13,False,False,Moderado
1062,18,10,Oficina,True,4,16,False,True,Moderado
249,9,12,Casa,True,1,33,False,False,Moderado
600,20,7,Apartamento,True,2,46,False,False,Moderado
154,21,5,Local,False,4,5,False,True,Moderado
1500,16,4,Casa,False,1,4,True,True,Moderado
1381,10,4,Apartamento,True,2,45,False,True,Moderado
1264,21,3,Apartamento,True,1,50,True,False,Moderado
152,11,3,Apartamento,True,6,40,False,True,Eficiente
407,13,15,Apartamento,True,4,39,False,False,Moderado
1500,22,13,Casa,False,3,28,True,True,Moderado
639,24,14,Apartamento,False,1,34,True,False,Moderado
116,21,11,Apartamento,True,4,17,False,False,Moderado
1367,2,6,Apartamento,False,5,39,False,True,Moderado
1365,21,10,Casa,False,2,47,True,True,Moderado
1262,10,3,Apartamento,False,6,29,True,False,Moderado
672,23,3,Oficina,True,4,14,False,False,Eficiente
1500,16,13,Apartamento,True,5,14,True,True,Ineficiente
303,2,7,Local,True,1,15,False,False,Moderado
397,13,14,Apartamento,False,1,32,False,False,Moderado
556,4,11,Oficina,False,5,9,False,True,Ineficiente
302,12,3,Oficina,False,6,18,True,True,Eficiente
777,3,13,Casa,True,5,36,False,False,Ineficiente
1143,17,5,Apartamento,True,2,49,False,False,Moderado
185,10,7,Casa,True,1,2,True,True,Moderado
354,16,6,Apartamento,False,5,35,True,False,Moderado
498,13,2,Casa,True,3,3,True,False,Eficiente
222,2,7,Local,True,3,10,False,True,Moderado
432,14,2,Casa,False,5,40,False,False,Eficiente
1014,15,4,Apartamento,False,2,32,True,True,Moderado
1074,9,11,Apartamento,False,1,27,True,False,Ineficiente
860,9,6,Casa,True,3,31,False,False,Moderado
442,13,15,Oficina,False,5,15,False,False,Moderado
636,2,11,Local,True,5,8,False,False,Ineficiente
678,12,14,Apartamento,False,4,10,True,True,Moderado
324,9,6,Apartamento,True,5,5,True,False,Moderado
501,11,14,Casa,True,2,48,False,False,Moderado
1215,20,11,Local,False,3,26,True,True,Moderado
86,12,7,Casa,False,4,11,False,False,Moderado
275,8,13,Apartamento,False,3,21,False,True,Moderado
763,12,11,Local,True,3,39,True,False,Moderado
1176,18,9,Casa,True,2,47,False,True,Moderado
840,2,6,Oficina,False,5,36,False,False,Moderado
1474,22,15,Casa,False,2,20,False,True,Moderado
798,22,12,Oficina,False,5,32,False,True,Moderado
656,9,2,Casa,False,4,16,False,True,Moderado
751,24,6,Apartamento,False,2,28,False,False,Moderado
442,7,4,Casa,False,2,39,False,False,Moderado
193,23,5,Local,True,6,9,True,False,Moderado
522,19,14,Apartamento,True,1,17,True,False,Moderado
668,7,9,Casa,True,2,46,False,False,Ineficiente
374,6,8,Apartamento,True,6,12,False,False,Moderado
1149,14,12,Apartamento,False,1,26,False,False,Ineficiente
124,20,6,Apartamento,False,5,9,False,True,Moderado
526,23,3,Oficina,False,5,31,True,False,Eficiente
945,9,7,Apartamento,True,5,40,False,False,Moderado
1012,10,12,Casa,False,6,44,False,True,Ineficiente
527,18,7,Casa,True,6,2,False,False,Moderado
1122,4,11,Apartamento,False,1,21,True,False,Ineficiente
692,20,11,Apartamento,True,5,26,True,True,Moderado
980,12,15,Casa,False,3,2,False,True,Ineficiente
1413,18,12,Casa,True,2,32,False,True,Moderado
709,22,7,Apartamento,True,6,1,False,True,Moderado
640,20,15,Oficina,False,6,10,False,True,Moderado
1037,3,10,Casa,False,6,45,True,True,Ineficiente
1394,9,12,Apartamento,False,1,9,False,True,Ineficiente
651,20,9,Local,False,5,38,False,False,Moderado
538,8,9,Local,False,3,32,False,True,Moderado
116,18,2,Casa,False,2,6,False,False,Eficiente
1388,7,6,Apartamento,False,2,14,False,True,Moderado
464,20,8,Oficina,False,5,25,False,True,Moderado
995,7,7,Casa,True,3,10,False,False,Moderado
563,3,6,Apartamento,False,1,37,False,False,Moderado
972,7,9,Casa,True,6,26,True,False,Ineficiente
271,24,4,Casa,False,6,38,False,False,Moderado
1344,6,7,Apartamento,True,5,6,True,False,Moderado
940,20,6,Local,True,2,0,True,True,Moderado
1296,21,9,Casa,False,6,9,False,True,Moderado
480,5,5,Apartamento,True,2,20,False,False,Moderado
1158,23,9,Apartamento,True,2,14,True,False,Moderado
1019,18,11,Apartamento,False,5,29,False,True,Moderado
101,12,15,Local,False,4,29,False,False,Moderado
862,5,3,Casa,False,4,7,True,True,Moderado
375,14,10,Oficina,True,4,23,False,True,Moderado
462,21,14,Apartamento,False,3,18,True,False,Moderado
1017,18,10,Apartamento,True,5,2,False,True,Moderado
766,10,15,Local,True,2,14,False,False,Ineficiente
364,5,11,Casa,False,6,35,False,False,Ineficiente
1033,24,11,Casa,False,3,5,False,True,Moderado
842,15,14,Local,False,4,41,False,False,Moderado
1027,20,7,Apartamento,False,1,49,False,False,Moderado
598,4,5,Oficina,True,3,47,False,True,Moderado
539,15,5,Oficina,False,3,17,False,False,Moderado
1332,9,14,Casa,True,5,37,True,False,Ineficiente
168,2,7,Apartamento,False,6,18,True,True,Moderado
986,11,6,Apartamento,False,3,48,False,False,Moderado
1476,19,7,Casa,False,6,49,False,True,Moderado
1494,17,8,Local,False,5,29,True,True,Ineficiente
158,9,8,Local,False,1,12,False,False,Moderado
1500,2,10,Apartamento,False,2,38,True,True,Ineficiente
645,13,9,Casa,True,2,11,True,False,Moderado
778,9,14,Casa,True,4,33,True,False,Ineficiente
1062,17,7,Casa,False,4,11,False,True,Moderado
595,19,13,Local,False,1,43,False,False,Moderado
571,5,7,Casa,True,2,23,True,False,Moderado
118,7,15,Local,True,4,3,False,False,Moderado
1500,13,6,Apartamento,True,6,35,True,True,Moderado
1138,10,2,Local,False,3,49,False,True,Moderado
283,16,10,Apartamento,True,5,47,True,False,Moderado
1178,17,10,Apartamento,True,4,13,False,False,Ineficiente
1251,13,10,Apartamento,False,1,16,False,True,Ineficiente
1053,24,12,Local,False,2,48,False,False,Moderado
1424,15,9,Apartamento,True,1,2,True,False,Ineficiente
1500,14,14,Apartamento,True,5,37,True,True,Ineficiente
928,3,11,Apartamento,False,5,22,False,False,Ineficiente
1075,4,14,Casa,False,1,12,False,True,Ineficiente
1388,23,4,Apartamento,False,4,8,False,True,Moderado
130,11,2,Oficina,False,4,20,False,True,Eficiente
496,10,12,Casa,True,2,40,False,True,Moderado
1232,21,13,Casa,False,6,7,False,True,Moderado
195,9,13,Casa,True,2,16,True,False,Moderado
778,11,9,Apartamento,True,3,15,True,False,Ineficiente
1316,20,8,Casa,False,6,15,False,True,Moderado
1088,4,14,Apartamento,False,3,27,False,False,Ineficiente
872,6,6,Casa,True,2,50,False,False,Moderado
1358,4,11,Casa,True,6,15,True,True,Ineficiente
742,17,8,Local,True,6,45,False,True,Moderado
373,18,11,Casa,True,3,45,False,True,Moderado
1500,16,5,Oficina,False,1,13,False,True,Moderado
610,4,10,Casa,True,4,45,True,False,Ineficiente
1064,13,12,Apartamento,False,6,43,False,False,Ineficiente
718,10,11,Casa,True,6,37,True,False,Moderado
670,22,15,Casa,False,3,19,False,False,Moderado
1469,13,3,Oficina,False,6,44,False,True,Moderado
278,16,10,Oficina,False,3,47,False,False,Moderado
605,3,10,Casa,True,1,40,False,True,Ineficiente
556,24,6,Apartamento,True,6,33,False,True,Moderado
1039,19,12,Apartamento,True,5,28,False,False,Moderado
1204,21,2,Casa,False,2,2,True,True,Moderado
594,13,8,Casa,False,1,9,False,True,Moderado
978,24,11,Oficina,False,5,19,False,False,Moderado
1194,5,11,Oficina,False,1,1,True,False,Ineficiente
787,24,5,Oficina,True,4,26,False,True,Moderado
1268,17,10,Local,False,1,31,True,True,Moderado
342,24,7,Apartamento,False,1,9,True,False,Moderado
534,17,14,Casa,True,4,39,False,False,Moderado
780,2,4,Casa,True,6,16,False,True,Moderado
1096,23,7,Casa,False,2,32,False,False,Moderado
1035,3,14,Apartamento,True,5,5,False,False,Ineficiente
805,4,11,Local,True,3,38,False,False,Ineficiente
1311,22,7,Local,False,2,46,True,False,Moderado
696,21,6,Oficina,False,1,17,True,False,Moderado
254,18,3,Oficina,True,3,8,False,True,Eficiente
604,21,11,Oficina,True,4,7,False,True,Moderado
663,23,11,Casa,False,2,24,False,False,Moderado
474,22,3,Local,False,6,30,False,False,Eficiente
1400,2,8,Apartamento,True,5,41,True,False,Ineficiente
800,21,3,Casa,False,2,3,False,False,Moderado
151,7,13,Oficina,False,2,19,False,False,Moderado
458,16,7,Oficina,False,6,27,False,True,Moderado
500,15,6,Casa,True,3,39,True,False,Moderado
686,21,5,Casa,True,4,0,False,False,Moderado
294,16,8,Apartamento,False,6,39,True,False,Moderado
90,15,9,Apartamento,True,4,43,False,False,Moderado
969,22,5,Oficina,False,6,22,True,False,Moderado
1144,6,2,Casa,True,2,46,False,True,Moderado
181,7,2,Casa,True,4,12,False,False,Eficiente
858,18,2,Casa,True,3,15,False,False,Moderado
293,12,12,Casa,True,3,25,False,False,Moderado
1429,17,2,Casa,False,5,30,True,False,Moderado
624,13,6,Oficina,True,4,49,False,True,Moderado
667,16,5,Casa,False,5,0,False,False,Moderado
968,24,14,Apartamento,False,6,16,False,False,Moderado
1493,5,15,Casa,True,1,15,False,True,Ineficiente
671,19,10,Casa,False,3,36,False,False,Moderado
1189,22,4,Local,True,2,9,False,False,Moderado
222,4,15,Apartamento,False,3,37,False,True,Moderado
977,23,8,Local,False,1,43,False,True,Moderado
951,9,12,Apartamento,True,2,30,True,False,Ineficiente
1500,24,9,Casa,True,4,9,True,True,Moderado
385,4,7,Apartamento,False,4,48,True,False,Moderado
97,9,13,Casa,False,3,33,True,False,Moderado
395,19,14,Local,True,2,50,False,True,Moderado
1372,11,11,Casa,False,6,5,True,True,Ineficiente
801,21,14,Apartamento,True,2,27,True,False,Moderado
195,18,2,Casa,False,5,27,False,False,Eficiente
1296,9,9,Apartamento,True,1,12,False,True,Ineficiente
273,24,11,Oficina,False,4,40,False,False,Moderado
950,12,4,Apartamento,True,3,11,False,False,Moderado
263,6,9,Apartamento,False,2,49,True,True,Moderado
313,14,13,Oficina,False,4,39,True,True,Moderado
266,22,5,Apartamento,False,3,49,True,False,Moderado
1394,24,9,Casa,False,4,1,False,True,Moderado
185,6,12,Casa,False,3,7,False,False,Moderado
1500,14,2,Local,False,4,41,True,True,Moderado
790,7,4,Local,False,6,8,True,True,Moderado
514,6,7,Casa,False,5,49,False,True,Moderado
1113,10,10,Casa,False,1,7,True,True,Ineficiente
114,17,3,Oficina,False,4,50,False,True,Eficiente
1108,3,12,Casa,True,1,2,False,True,Ineficiente
1500,2,2,Apartamento,False,4,8,False,True,Moderado
392,9,11,Casa,True,2,12,False,True,Moderado
632,20,4,Local,False,5,8,False,False,Moderado
795,12,5,Casa,False,6,30,False,False,Moderado
1187,13,12,Apartamento,False,5,24,False,False,Ineficiente
190,13,6,Casa,True,1,43,False,False,Moderado
330,8,4,Apartamento,True,2,44,False,False,Moderado
600,14,14,Local,False,3,7,False,True,Moderado
111,9,11,Casa,True,5,46,False,True,Moderado
839,23,12,Apartamento,False,6,30,True,True,Moderado
1424,10,3,Apartamento,False,2,44,True,False,Moderado
287,8,3,Casa,False,2,44,False,False,Eficiente
979,22,8,Local,True,1,30,False,False,Moderado
131,16,10,Casa,False,6,16,False,True,Moderado
586,3,11,Local,True,2,46,True,False,Ineficiente
1500,24,3,Casa,False,2,18,True,True,Moderado
594,21,8,Casa,True,3,2,False,False,Moderado
1065,13,8,Casa,False,1,45,True,False,Ineficiente
1486,2,12,Apartamento,True,1,29,True,True,Ineficiente
145,24,8,Apartamento,False,6,9,True,True,Moderado
1260,23,4,Local,True,2,48,True,False,Moderado
1057,9,13,Casa,False,3,28,False,False,Ineficiente
1420,6,8,Casa,False,4,39,False,True,Ineficiente
1115,16,2,Local,True,5,17,False,False,Moderado
166,2,11,Local,False,1,11,False,False,Ineficiente
1500,2,2,Casa,False,3,48,True,True,Moderado
313,11,6,Apartamento,True,6,22,True,True,Moderado
829,23,3,Casa,True,3,10,False,False,Eficiente
764,11,10,Local,True,2,8,False,False,Moderado
605,22,8,Oficina,True,5,23,True,True,Moderado
1207,16,5,Oficina,True,1,24,True,True,Moderado
572,18,5,Local,True,4,24,True,True,Moderado
386,23,3,Casa,False,2,46,False,False,Eficiente
1500,7,6,Local,False,1,8,True,True,Moderado
741,4,5,Apartamento,True,6,11,False,False,Moderado
753,14,13,Casa,False,1,10,True,False,Moderado
391,17,14,Apartamento,False,3,48,False,False,Moderado
952,9,2,Oficina,True,5,37,False,False,Moderado
1162,16,13,Oficina,True,4,27,False,False,Moderado
1203,18,9,Casa,False,5,7,True,False,Moderado
1000,18,4,Local,False,3,9,True,False,Moderado
114,23,15,Local,True,4,24,False,False,Moderado
681,14,7,Casa,False,4,46,False,True,Moderado
223,18,5,Apartamento,False,2,35,False,True,Moderado
432,7,10,Local,True,4,49,False,False,Moderado
1178,18,8,Apartamento,False,1,42,True,False,Moderado
941,17,10,Casa,False,5,8,False,False,Moderado
285,15,11,Local,False,6,40,True,False,Moderado
1243,14,4,Oficina,False,6,7,True,False,Moderado
103,7,2,Apartamento,True,5,2,False,False,Eficiente
627,4,6,Local,False,2,17,False,True,Moderado
884,15,4,Casa,True,4,45,False,False,Moderado
595,15,7,Casa,True,3,34,False,False,Moderado
811,16,9,Apartamento,True,1,16,False,False,Moderado
733,9,12,Casa,True,2,35,True,False,Ineficiente
1035,16,14,Oficina,True,4,27,False,False,Moderado
231,23,5,Casa,True,6,49,False,False,Moderado
1333,14,6,Apartamento,True,3,14,False,True,Moderado
893,18,6,Casa,False,4,18,False,True,Moderado
499,22,5,Oficina,True,2,21,False,False,Moderado
1228,4,5,Casa,False,3,5,False,True,Moderado
788,7,5,Casa,True,3,46,True,False,Moderado
538,6,5,Casa,True,3,6,False,True,Moderado
1500,23,5,Local,True,3,43,True,True,Moderado
583,18,6,Casa,True,4,47,True,True,Moderado
1301,24,3,Casa,False,3,8,True,True,Moderado
413,3,3,Casa,True,4,19,True,True,Moderado
859,16,10,Local,False,3,36,True,False,Moderado
950,6,3,Casa,False,3,10,True,True,Moderado
100,21,7,Casa,True,2,1,False,False,Moderado
990,7,3,Casa,False,4,21,False,False,Moderado
1135,7,6,Apartamento,True,6,47,True,False,Moderado
1047,19,5,Local,False,4,35,True,False,Moderado
179,19,13,Apartamento,False,5,4,False,False,Moderado
1296,5,8,Oficina,True,6,6,True,True,Ineficiente
868,18,8,Oficina,True,2,5,True,True,Moderado
1222,15,14,Casa,True,4,21,True,False,Ineficiente
943,15,7,Local,True,2,9,True,True,Moderado
413,14,11,Local,False,6,45,False,False,Moderado
81,8,6,Oficina,True,2,39,False,False,Moderado
454,13,2,Apartamento,True,2,45,False,False,Eficiente
580,24,13,Apartamento,False,1,45,True,True,Moderado
916,16,4,Apartamento,False,4,19,False,False,Moderado
1084,20,10,Oficina,True,2,27,False,False,Moderado
758,12,15,Casa,False,1,22,True,False,Moderado
476,16,2,Casa,False,1,34,True,False,Eficiente
717,13,6,Casa,False,3,0,True,True,Moderado
120,4,3,Casa,False,3,28,False,True,Eficiente
909,18,5,Apartamento,False,6,8,True,True,Moderado
403,4,15,Casa,True,4,8,False,True,Ineficiente
1500,20,15,Casa,False,3,21,True,True,Moderado
326,21,12,Oficina,False,6,1,True,True,Moderado
1100,5,2,Apartamento,False,4,15,True,False,Moderado
1164,4,4,Local,True,6,39,True,False,Moderado
166,17,11,Casa,True,1,5,True,True,Moderado
145,13,8,Casa,False,1,12,False,False,Moderado
340,9,11,Local,True,4,32,False,False,Moderado
539,18,4,Local,True,6,18,False,False,Moderado
380,8,5,Casa,True,6,14,False,False,Moderado
1297,12,3,Oficina,False,3,32,False,True,Moderado
475,19,4,Oficina,True,3,9,False,True,Moderado
1446,2,10,Oficina,True,4,0,False,True,Ineficiente
1106,4,4,Apartamento,False,5,11,True,True,Moderado
418,5,12,Casa,True,3,42,True,False,Ineficiente
671,14,6,Apartamento,False,2,28,False,False,Moderado
1199,7,3,Apartamento,False,3,16,False,True,Moderado
941,15,5,Casa,False,5,3,False,False,Moderado
254,6,13,Local,False,6,28,True,False,Moderado
1366,17,14,Casa,False,1,6,False,True,Ineficiente
592,16,8,Apartamento,True,1,43,False,False,Moderado
611,16,15,Casa,True,6,12,True,True,Moderado
655,5,8,Local,False,1,4,False,False,Ineficiente
1254,9,13,Casa,True,3,5,False,True,Ineficiente
1194,17,4,Local,False,1,33,True,True,Moderado
244,17,6,Apartamento,False,5,6,False,False,Moderado
384,5,2,Local,True,5,45,False,False,Moderado
305,14,11,Oficina,False,3,27,False,True,Moderado
699,14,11,Apartamento,True,6,45,False,False,Moderado
1036,3,11,Oficina,False,2,9,False,False,Ineficiente
644,4,12,Casa,True,3,3,True,True,Ineficiente
1257,23,2,Casa,False,1,2,True,False,Moderado
708,9,6,Casa,False,3,24,True,False,Moderado
1459,16,14,Casa,False,5,22,False,True,Ineficiente
433,12,11,Local,False,3,26,True,False,Moderado
876,10,10,Casa,False,3,13,False,False,Ineficiente
1324,8,2,Apartamento,True,2,37,True,False,Moderado
237,14,2,Apartamento,False,5,31,True,False,Eficiente
1500,3,5,Apartamento,False,4,22,True,True,Moderado
432,9,5,Apartamento,False,4,46,True,True,Moderado
564,8,3,Local,False,5,39,False,False,Moderado
1162,13,10,Casa,True,4,36,False,False,Ineficiente
1190,20,15,Casa,True,1,2,False,True,Moderado
1414,8,10,Apartamento,True,4,34,False,True,Ineficiente
770,11,14,Apartamento,False,1,12,False,False,Ineficiente
1449,17,14,Apartamento,True,5,33,False,True,Ineficiente
739,4,3,Oficina,False,4,23,False,True,Moderado
355,11,15,Apartamento,True,4,0,False,False,Moderado
926,7,10,Apartamento,True,6,11,True,False,Ineficiente
321,19,7,Casa,True,1,7,False,False,Moderado
205,19,9,Apartamento,True,1,18,False,False,Moderado
461,6,11,Local,False,3,8,True,True,Moderado
1142,22,14,Casa,True,2,27,False,False,Moderado
746,8,14,Casa,True,4,13,False,True,Ineficiente
506,3,5,Local,True,6,26,False,False,Moderado
998,12,3,Casa,False,2,17,False,False,Moderado
276,14,3,Casa,False,6,41,True,False,Eficiente
463,24,10,Apartamento,True,2,40,False,False,Moderado
503,6,2,Casa,False,4,5,False,True,Moderado
825,7,13,Oficina,True,6,32,False,False,Ineficiente
1262,15,8,Casa,True,1,36,False,True,Ineficiente
590,13,12,Local,False,3,41,False,True,Moderado
1500,5,15,Apartamento,True,6,24,True,True,Ineficiente
249,24,4,Oficina,False,5,12,True,False,Moderado
1094,7,4,Casa,True,4,22,False,False,Moderado
972,11,3,Apartamento,False,4,35,False,True,Moderado
774,19,15,Apartamento,True,5,32,False,True,Moderado
165,16,11,Apartamento,False,2,20,False,False,Moderado
507,9,7,Apartamento,False,3,33,False,True,Moderado
607,10,14,Local,True,2,35,True,False,Moderado
193,6,11,Oficina,False,5,16,False,False,Moderado
382,11,3,Casa,True,5,9,False,False,Eficiente
987,21,11,Casa,False,3,22,True,False,Moderado
800,7,5,Local,True,5,43,True,False,Moderado
1066,17,11,Casa,True,5,1,False,False,Moderado
551,4,10,Oficina,False,6,34,False,True,Ineficiente
1393,11,10,Apartamento,True,3,13,True,True,Ineficiente
1372,12,7,Apartamento,False,4,46,True,True,Moderado
1324,12,14,Casa,True,2,44,True,False,Ineficiente
1387,18,5,Casa,True,4,40,True,False,Moderado
1500,5,8,Apartamento,False,4,1,False,True,Ineficiente
440,5,15,Oficina,False,6,18,False,False,Ineficiente
1089,18,2,Oficina,True,2,15,False,False,Moderado
783,10,13,Casa,True,4,42,False,False,Ineficiente
850,20,5,Casa,True,3,43,False,True,Moderado
1192,6,6,Casa,True,2,24,False,False,Moderado
767,23,9,Oficina,True,1,0,False,False,Moderado
1118,7,13,Casa,True,6,1,False,True,Ineficiente
664,4,3,Casa,False,4,47,False,False,Moderado
868,23,13,Casa,False,5,26,False,True,Moderado
568,2,6,Casa,True,2,1,False,False,Moderado
1260,21,7,Oficina,True,1,29,True,False,Moderado
687,23,6,Apartamento,True,5,50,True,False,Moderado
127,17,14,Casa,False,1,9,False,True,Moderado
476,24,10,Casa,False,4,18,False,False,Moderado
1404,12,11,Casa,False,5,41,False,True,Ineficiente
930,14,2,Casa,False,4,15,False,False,Moderado
1081,11,15,Casa,False,5,12,True,False,Ineficiente
534,4,4,Apartamento,True,2,47,False,False,Moderado
804,10,15,Casa,True,3,49,False,False,Ineficiente
1500,13,3,Casa,False,3,7,True,True,Moderado
1179,24,13,Casa,True,1,49,False,False,Moderado
1027,15,14,Local,False,6,30,False,True,Moderado
346,2,4,Apartamento,False,5,44,True,True,Moderado
996,19,11,Apartamento,False,4,24,False,False,Moderado
907,18,10,Apartamento,True,6,38,False,False,Moderado
889,10,14,Apartamento,False,2,20,False,True,Ineficiente
384,10,15,Casa,False,2,49,False,False,Moderado
1059,24,10,Oficina,False,2,37,False,True,Moderado
481,11,11,Casa,False,3,40,False,True,Moderado
235,20,3,Apartamento,False,4,28,False,True,Eficiente
946,16,15,Local,True,2,5,False,False,Moderado
1047,6,4,Apartamento,True,2,17,False,False,Moderado
1053,16,15,Oficina,True,1,48,False,False,Moderado
1436,21,5,Apartamento,True,5,43,True,True,Moderado
1249,24,10,Oficina,False,5,34,True,False,Moderado
1021,3,4,Local,False,5,26,False,False,Moderado
1327,14,14,Oficina,True,6,4,True,False,Ineficiente
164,17,8,Oficina,True,1,6,False,False,Moderado
407,16,13,Oficina,True,3,9,False,False,Moderado
895,11,4,Local,False,6,9,False,False,Moderado
533,15,8,Casa,True,1,50,False,False,Moderado
849,11,8,Casa,True,2,27,True,False,Ineficiente
744,15,10,Apartamento,True,4,35,False,False,Moderado
91,24,3,Oficina,True,6,9,False,False,Eficiente
597,10,14,Local,False,6,49,True,True,Moderado
1264,15,7,Oficina,True,2,34,True,False,Moderado
862,4,10,Local,True,2,34,False,False,Ineficiente
190,21,13,Casa,True,4,36,True,True,Moderado
1329,17,13,Casa,False,5,47,False,True,Ineficiente
422,3,3,Casa,False,6,19,False,False,Moderado
577,11,3,Casa,True,1,12,False,False,Moderado
575,4,14,Apartamento,True,3,10,False,True,Ineficiente
1261,12,15,Oficina,False,2,44,False,True,Ineficiente
506,12,6,Local,True,2,18,False,False,Moderado
1409,22,11,Apartamento,False,3,27,False,True,Moderado
156,22,11,Casa,True,1,37,True,True,Moderado
486,23,13,Casa,True,2,44,False,False,Moderado
698,14,11,Apartamento,False,3,3,False,False,Moderado
1500,8,9,Casa,False,2,36,True,True,Ineficiente
539,24,12,Casa,False,5,18,False,True,Moderado
478,18,10,Apartamento,True,5,36,False,False,Moderado
1133,3,3,Casa,False,2,13,False,True,Moderado
1238,13,6,Oficina,False,2,30,True,True,Moderado
169,11,15,Casa,False,5,27,False,True,Moderado
523,19,8,Casa,False,2,35,False,True,Moderado
1128,23,7,Casa,True,1,43,False,True,Moderado
220,12,7,Casa,False,1,37,False,False,Moderado
713,17,8,Apartamento,False,4,18,False,True,Moderado
1350,18,4,Local,True,1,41,True,True,Moderado
1355,20,14,Apartamento,False,6,0,False,True,Ineficiente
1304,19,4,Apartamento,True,6,22,True,False,Moderado
542,4,11,Casa,True,6,27,True,False,Ineficiente
687,22,10,Apartamento,False,2,47,True,False,Moderado
830,17,15,Casa,True,2,3,False,False,Moderado
481,7,9,Casa,True,3,40,False,True,Moderado
222,13,6,Local,False,6,17,True,False,Moderado
1168,12,7,Local,False,6,48,True,True,Moderado
126,16,12,Local,False,1,46,True,True,Moderado
868,16,13,Casa,False,5,50,False,True,Moderado
939,17,11,Casa,True,5,38,False,True,Moderado
169,11,2,Oficina,False,4,24,False,False,Eficiente
429,13,11,Casa,False,3,17,False,False,Moderado
1142,14,13,Casa,True,5,5,False,False,Ineficiente
1500,5,2,Casa,False,4,18,True,True,Moderado
285,8,5,Casa,True,1,11,True,False,Moderado
1500,23,3,Casa,True,3,24,True,True,Moderado
391,3,12,Apartamento,False,3,34,False,False,Ineficiente
681,16,8,Apartamento,False,6,0,False,True,Moderado
588,9,3,Oficina,True,2,4,True,True,Moderado
1237,8,11,Casa,True,6,0,True,False,Ineficiente
115,16,3,Casa,False,1,7,False,False,Eficiente
1424,24,6,Apartamento,True,6,38,True,False,Moderado
995,15,5,Apartamento,True,3,46,True,True,Moderado
1261,9,9,Apartamento,False,6,42,False,True,Ineficiente
286,13,5,Local,False,4,17,False,True,Moderado
966,14,15,Casa,False,6,45,False,False,Ineficiente
805,12,13,Local,False,5,8,False,False,Ineficiente
1467,18,7,Apartamento,False,1,4,False,True,Moderado
936,18,6,Casa,False,1,3,True,True,Moderado
89,5,12,Oficina,True,3,43,False,False,Moderado
1381,22,15,Apartamento,False,6,28,False,True,Moderado
594,9,3,Casa,True,3,0,False,True,Moderado
761,6,12,Casa,True,3,29,False,False,Ineficiente
861,17,14,Casa,True,4,44,False,True,Moderado
231,5,13,Apartamento,False,2,0,False,False,Moderado
958,23,15,Casa,True,3,2,True,False,Moderado
1500,16,9,Casa,True,2,21,True,True,Ineficiente
1219,13,3,Casa,False,2,7,False,True,Moderado
167,6,10,Local,False,1,17,False,True,Moderado
743,24,10,Local,False,5,24,False,False,Moderado
610,17,4,Local,True,5,47,False,False,Moderado
1500,15,5,Casa,True,6,19,False,True,Moderado
936,11,9,Oficina,False,4,30,False,False,Ineficiente
225,8,10,Apartamento,True,4,29,False,False,Moderado
1192,14,4,Oficina,False,5,15,True,False,Moderado
1072,21,6,Apartamento,True,6,1,False,False,Moderado
321,6,12,Apartamento,False,5,16,False,False,Moderado
792,4,9,Local,False,6,9,True,False,Ineficiente
766,16,4,Casa,True,6,6,False,False,Moderado
730,5,8,Apartamento,False,6,41,False,True,Ineficiente
752,16,12,Local,True,6,50,False,False,Moderado
710,15,9,Local,True,1,8,False,False,Moderado
888,21,11,Oficina,False,1,16,True,False,Moderado
741,20,12,Apartamento,True,5,8,False,False,Moderado
884,14,15,Casa,True,6,8,False,False,Moderado
597,11,4,Casa,True,3,36,True,False,Moderado
1387,22,3,Apartamento,True,6,23,False,True,Moderado
874,6,11,Apartamento,True,3,38,True,False,Ineficiente
1048,24,14,Casa,False,1,10,False,False,Moderado
669,21,8,Casa,False,6,7,False,False,Moderado
1180,21,13,Apartamento,True,2,24,False,False,Moderado
764,7,10,Local,True,5,45,False,True,Ineficiente
676,5,2,Oficina,False,6,1,False,True,Moderado
1200,3,4,Local,False,4,9,True,False,Moderado
1103,23,6,Local,False,3,23,False,True,Moderado
410,17,4,Apartamento,False,6,47,True,False,Moderado
1116,19,2,Oficina,False,2,15,True,True,Moderado
699,6,8,Apartamento,True,3,18,False,True,Ineficiente
1078,23,8,Oficina,True,2,30,False,False,Moderado
779,5,11,Oficina,True,5,10,False,False,Ineficiente
594,14,13,Oficina,False,5,5,True,True,Moderado
822,20,9,Casa,False,5,5,False,True,Moderado
367,24,6,Casa,False,1,31,False,False,Moderado
840,3,11,Casa,True,2,38,True,False,Ineficiente
1085,14,13,Casa,False,6,47,False,False,Ineficiente
179,12,6,Casa,False,4,12,True,True,Moderado
823,23,6,Casa,False,4,2,False,False,Moderado
561,5,2,Casa,True,5,40,False,True,Moderado
197,23,11,Apartamento,False,4,34,False,True,Moderado
872,21,6,Local,True,3,37,True,False,Moderado
1500,21,7,Casa,False,2,16,True,True,Moderado
786,16,14,Apartamento,False,2,2,True,True,Moderado
1500,5,13,Local,True,2,33,True,True,Ineficiente
944,10,2,Apartamento,False,3,11,True,False,Moderado
768,8,12,Oficina,True,6,23,True,False,Ineficiente
1088,20,8,Casa,False,1,5,True,False,Moderado
1035,20,2,Casa,True,3,41,False,False,Moderado
774,7,12,Apartamento,False,2,10,False,True,Ineficiente
608,7,3,Casa,False,2,47,True,False,Moderado
310,21,3,Apartamento,True,2,26,False,True,Eficiente
273,16,6,Casa,False,6,47,True,False,Moderado
855,16,15,Casa,False,4,23,False,False,Moderado
189,21,11,Casa,True,1,17,False,True,Moderado
1500,10,14,Casa,False,3,26,True,True,Ineficiente
552,5,8,Apartamento,False,2,40,True,False,Ineficiente
213,19,2,Apartamento,False,5,20,True,True,Eficiente
547,19,11,Casa,False,1,50,False,True,Moderado
1047,6,2,Casa,False,5,33,False,True,Moderado
1018,21,2,Casa,False,1,32,True,False,Moderado
693,24,7,Casa,False,2,47,False,False,Moderado
519,12,3,Oficina,False,1,17,True,False,Eficiente
234,6,2,Casa,True,1,2,True,False,Eficiente
889,23,7,Local,True,2,23,True,False,Moderado
691,5,15,Oficina,False,6,0,False,True,Ineficiente
475,13,3,Casa,False,5,5,False,True,Eficiente
1096,3,7,Apartamento,False,6,18,False,False,Moderado
390,14,11,Oficina,True,5,21,False,False,Moderado
344,11,9,Local,False,4,50,True,False,Moderado
697,10,3,Apartamento,True,5,42,False,False,Moderado
525,11,12,Local,False,5,7,False,False,Moderado
749,8,10,Local,True,1,4,False,False,Ineficiente
925,5,9,Casa,True,4,8,False,True,Ineficiente
209,20,13,Oficina,False,2,46,True,True,Moderado
1189,11,11,Apartamento,False,2,20,True,False,Ineficiente
1500,4,2,Apartamento,True,3,27,True,True,Moderado
736,22,8,Oficina,True,4,45,False,False,Moderado
1376,20,15,Local,True,1,3,False,True,Moderado
594,22,14,Casa,True,3,23,False,False,Moderado
316,3,11,Casa,True,3,7,False,False,Ineficiente
512,21,7,Apartamento,False,2,16,True,False,Moderado
917,11,15,Local,False,5,33,False,True,Ineficiente
709,3,7,Apartamento,True,1,19,False,False,Moderado
575,3,7,Oficina,False,4,15,False,True,Moderado
400,18,7,Oficina,True,3,9,False,False,Moderado
365,17,11,Apartamento,True,1,33,False,False,Moderado
296,17,8,Casa,True,2,42,False,True,Moderado
1187,15,13,Apartamento,False,3,9,False,False,Ineficiente
485,8,4,Apartamento,True,3,29,False,False,Moderado
1268,22,15,Apartamento,True,6,29,True,False,Moderado
535,12,7,Apartamento,True,2,50,False,False,Moderado
1054,2,4,Apartamento,True,6,24,True,False,Moderado
1419,12,8,Casa,True,2,45,False,True,Ineficiente
1035,24,8,Casa,False,2,42,True,False,Moderado
539,22,9,Apartamento,False,6,40,False,False,Moderado
1062,5,3,Casa,False,1,6,False,True,Moderado
705,8,10,Casa,True,1,46,True,False,Ineficiente
672,16,14,Casa,True,1,19,True,False,Moderado
193,19,6,Apartamento,True,5,16,False,False,Moderado
1076,13,10,Casa,True,3,2,False,True,Ineficiente
686,18,11,Local,False,1,46,True,True,Moderado
655,2,6,Apartamento,True,5,45,True,True,Moderado
849,12,8,Apartamento,True,3,39,False,False,Ineficiente
840,2,12,Local,False,1,35,False,False,Ineficiente
1500,16,10,Casa,True,2,25,True,True,Ineficiente
686,22,5,Apartamento,False,4,9,False,True,Moderado
914,11,3,Oficina,True,1,33,False,False,Moderado
608,8,10,Local,False,4,13,True,True,Moderado
443,3,14,Oficina,True,1,7,False,True,Ineficiente
582,11,3,Local,False,2,26,True,False,Moderado
266,5,4,Casa,True,4,9,True,False,Moderado
505,13,11,Casa,False,5,49,True,False,Moderado
323,20,3,Apartamento,True,2,14,False,False,Eficiente
739,12,4,Casa,False,4,36,False,True,Moderado
91,9,7,Casa,True,4,21,False,False,Moderado
998,19,4,Local,True,6,44,True,True,Moderado
188,12,11,Casa,False,6,49,True,True,Moderado
984,12,9,Casa,False,2,30,False,True,Ineficiente
1049,14,12,Local,True,2,1,True,True,Moderado
332,4,7,Local,False,2,44,True,True,Moderado
1170,13,8,Casa,True,3,30,False,False,Ineficiente
1110,4,2,Local,False,5,13,False,False,Moderado
1500,11,4,Oficina,False,1,9,True,True,Moderado
152,18,4,Apartamento,False,6,29,False,False,Moderado
573,23,3,Casa,False,4,35,True,False,Eficiente
854,3,8,Casa,False,6,46,False,True,Ineficiente
1219,18,10,Apartamento,True,1,39,False,True,Moderado
271,17,5,Casa,False,2,14,False,True,Moderado
1313,3,13,Oficina,True,6,13,False,True,Ineficiente
345,23,6,Local,False,5,30,False,False,Moderado
1360,21,4,Local,False,5,28,True,True,Moderado
517,7,12,Oficina,True,3,26,True,True,Moderado
1171,11,10,Oficina,False,6,20,False,True,Ineficiente
243,11,15,Casa,False,2,8,False,False,Moderado
226,9,5,Casa,False,4,19,False,True,Moderado
912,2,6,Local,True,3,34,False,False,Moderado
647,14,2,Casa,True,2,14,True,True,Eficiente
901,10,12,Apartamento,False,3,23,False,False,Ineficiente
380,23,13,Apartamento,True,6,48,True,False,Moderado
552,11,14,Oficina,True,1,15,True,False,Moderado
978,16,3,Apartamento,False,6,35,False,False,Moderado
562,6,13,Local,True,2,10,False,False,Ineficiente
981,23,14,Casa,False,4,7,False,False,Moderado
1128,17,10,Apartamento,False,4,2,False,False,Ineficiente
729,14,3,Casa,False,2,18,False,True,Moderado
1195,23,6,Oficina,True,3,45,True,False,Moderado
1073,21,14,Casa,True,5,40,False,False,Moderado
1500,19,9,Local,True,2,2,True,True,Moderado
739,12,4,Casa,False,6,35,True,False,Moderado
1418,10,7,Casa,True,4,24,True,False,Moderado
1338,17,5,Apartamento,False,1,35,True,False,Moderado
207,3,12,Apartamento,False,4,10,False,False,Ineficiente
171,3,8,Casa,False,5,50,False,False,Moderado
970,13,11,Casa,True,4,15,True,True,Moderado
1443,9,15,Local,True,5,16,True,True,Ineficiente
1281,10,14,Apartamento,False,2,41,True,False,Ineficiente
526,13,4,Casa,True,4,23,False,False,Moderado
469,10,7,Local,True,3,16,False,False,Moderado
976,11,13,Casa,True,6,47,False,True,Ineficiente
158,3,11,Apartamento,False,3,19,False,True,Moderado
333,17,10,Casa,False,6,21,False,False,Moderado
1500,21,12,Apartamento,False,4,5,False,True,Ineficiente
890,8,11,Casa,False,4,6,True,False,Ineficiente
709,3,2,Oficina,True,6,13,False,True,Moderado
570,2,4,Casa,False,1,10,True,True,Moderado
1500,20,3,Casa,True,4,11,True,True,Moderado
1114,5,9,Casa,False,1,45,False,True,Ineficiente
424,23,8,Oficina,True,1,4,False,False,Moderado
937,3,3,Apartamento,True,6,4,False,True,Moderado
719,15,7,Local,False,1,19,True,True,Moderado
769,3,4,Oficina,True,1,14,False,False,Moderado
1390,16,9,Oficina,False,2,25,True,False,Ineficiente
643,13,11,Local,True,3,32,True,False,Moderado
1500,6,14,Casa,True,1,29,True,True,Ineficiente
210,21,4,Local,False,3,23,False,True,Moderado
228,8,11,Casa,False,1,22,False,False,Moderado
269,22,15,Local,True,3,8,False,False,Moderado
1500,11,10,Apartamento,False,4,2,True,True,Ineficiente
533,15,2,Local,True,4,35,True,True,Eficiente
1419,15,6,Apartamento,True,3,47,True,False,Moderado
479,6,4,Apartamento,True,1,6,False,False,Moderado
843,19,7,Oficina,False,2,21,False,False,Moderado
894,15,11,Casa,False,3,13,False,True,Moderado
1123,3,3,Casa,True,5,47,False,True,Moderado
280,13,10,Apartamento,False,2,28,True,True,Moderado
1402,23,7,Oficina,False,5,49,True,True,Moderado
899,7,8,Casa,True,3,15,False,False,Ineficiente
648,5,6,Casa,False,1,47,False,True,Moderado
203,14,10,Casa,True,5,33,False,False,Moderado
501,5,2,Casa,False,3,9,False,False,Moderado
1500,23,6,Oficina,False,2,6,False,True,Moderado
1016,15,12,Local,True,1,24,True,False,Moderado
674,17,11,Apartamento,True,5,26,True,False,Moderado
598,5,12,Apartamento,False,3,14,False,False,Ineficiente
304,2,7,Local,False,1,31,False,True,Moderado
266,14,8,Casa,False,1,27,True,True,Moderado
1500,5,13,Casa,True,4,8,True,True,Ineficiente
694,21,5,Apartamento,True,1,6,False,True,Moderado
677,19,13,Casa,True,3,15,False,False,Moderado
706,7,14,Apartamento,True,2,25,True,False,Ineficiente
604,4,2,Casa,False,6,34,False,True,Moderado
580,24,12,Casa,False,4,16,True,False,Moderado
325,14,9,Casa,False,3,22,False,False,Moderado
985,17,11,Local,True,3,7,True,False,Moderado
962,6,5,Casa,False,3,1,False,True,Moderado
947,5,4,Oficina,False,5,30,False,True,Moderado
1176,22,13,Casa,False,5,31,True,False,Moderado
187,9,8,Local,False,2,28,False,True,Moderado
1339,20,13,Oficina,False,3,2,True,False,Moderado
292,15,3,Oficina,False,5,7,False,False,Eficiente
321,8,9,Oficina,True,5,1,False,False,Moderado
686,15,15,Casa,True,5,30,True,False,Moderado
650,7,7,Casa,False,2,50,True,True,Moderado
252,13,8,Apartamento,False,2,48,False,False,Moderado
1171,17,15,Casa,True,3,36,True,True,Moderado
243,18,6,Casa,False,4,19,False,False,Moderado
848,14,10,Oficina,False,3,28,True,True,Moderado
1074,24,6,Apartamento,False,5,16,False,False,Moderado
748,15,12,Apartamento,True,6,9,False,True,Moderado
779,8,6,Oficina,False,5,40,False,False,Moderado
568,15,4,Apartamento,False,1,21,True,False,Moderado
938,16,12,Apartamento,True,6,5,True,False,Moderado
603,13,2,Local,True,6,42,True,True,Eficiente
314,18,3,Casa,False,3,33,True,False,Eficiente
920,10,9,Casa,False,5,30,False,True,Ineficiente
589,23,2,Oficina,False,5,11,False,False,Eficiente
625,16,8,Oficina,False,4,11,False,False,Moderado
703,13,15,Oficina,True,1,15,False,False,Moderado
1049,3,15,Apartamento,False,3,24,True,True,Ineficiente
987,6,6,Oficina,True,2,21,True,False,Moderado
633,14,4,Casa,True,3,26,False,False,Moderado
100,21,13,Casa,True,6,23,False,False,Moderado
633,24,13,Apartamento,True,3,11,False,False,Moderado
571,9,12,Apartamento,False,4,17,True,False,Moderado
704,15,8,Casa,False,3,44,False,False,Moderado
287,16,10,Casa,False,4,46,True,True,Moderado
352,12,3,Casa,True,6,15,False,True,Eficiente
124,2,9,Apartamento,False,4,3,False,True,Moderado
566,22,10,Local,False,5,11,True,False,Moderado
504,4,12,Apartamento,False,2,48,False,False,Ineficiente
208,18,4,Casa,False,6,32,False,False,Moderado
651,20,3,Apartamento,True,4,21,False,False,Eficiente
168,15,8,Apartamento,True,1,17,True,True,Moderado
1500,23,6,Apartamento,True,6,47,True,True,Moderado
500,24,6,Casa,False,1,32,True,True,Moderado
373,9,11,Apartamento,False,2,26,True,False,Moderado
1128,14,6,Oficina,True,4,41,False,True,Moderado
1032,21,5,Casa,True,6,18,False,True,Moderado
838,4,14,Casa,True,6,47,False,False,Ineficiente
1145,6,6,Apartamento,False,2,13,False,True,Moderado
1333,10,14,Apartamento,True,5,24,True,True,Ineficiente
1046,7,5,Casa,True,1,33,False,True,Moderado
279,23,14,Casa,True,6,23,False,False,Moderado
1331,3,7,Casa,False,3,37,False,True,Moderado
189,14,5,Oficina,False,1,22,True,False,Moderado
1345,6,3,Local,False,4,4,False,True,Moderado
1122,9,10,Apartamento,True,2,43,True,False,Ineficiente
546,24,3,Local,False,1,35,False,False,Eficiente
792,2,10,Casa,True,3,23,True,False,Ineficiente
1019,21,11,Oficina,True,3,35,False,False,Moderado
528,13,7,Apartamento,False,2,4,False,False,Moderado
199,24,10,Casa,True,2,38,True,False,Moderado
180,12,10,Local,False,1,5,False,False,Moderado
1333,8,4,Local,True,4,44,True,False,Moderado
924,16,2,Local,True,5,35,False,False,Moderado
166,23,2,Casa,False,3,44,False,False,Eficiente
146,12,4,Oficina,False,2,3,True,False,Moderado
633,23,6,Oficina,False,5,9,False,True,Moderado
891,17,14,Casa,False,5,0,True,False,Moderado
1120,4,4,Casa,False,5,20,False,False,Moderado
227,21,13,Casa,False,4,39,False,False,Moderado
427,15,10,Oficina,False,2,38,True,False,Moderado
404,4,10,Apartamento,True,3,36,False,True,Ineficiente
578,2,4,Casa,True,2,2,False,True,Moderado
618,22,4,Casa,False,1,46,True,False,Moderado
621,16,13,Casa,True,3,30,False,True,Moderado
901,2,15,Apartamento,True,2,26,True,True,Ineficiente
742,18,6,Apartamento,True,3,16,True,False,Moderado
834,3,3,Oficina,True,1,22,False,True,Moderado
677,21,7,Apartamento,True,6,12,False,True,Moderado
1107,7,8,Local,True,3,46,False,True,Ineficiente
514,9,14,Casa,True,6,26,True,False,Moderado
778,17,10,Casa,True,5,50,False,True,Moderado
282,20,7,Apartamento,False,4,19,False,True,Moderado
1071,2,4,Casa,True,1,45,False,False,Moderado
697,4,13,Casa,False,3,12,True,True,Ineficiente
439,4,6,Oficina,False,1,43,False,False,Moderado
1300,6,5,Apartamento,False,5,23,False,True,Moderado
408,13,6,Casa,False,6,40,False,False,Moderado
1041,13,9,Casa,True,4,2,False,False,Ineficiente
650,21,9,Casa,True,1,42,True,False,Moderado
1500,14,7,Oficina,False,6,9,True,True,Moderado
1354,21,2,Casa,True,5,0,False,True,Moderado
915,10,9,Casa,False,5,48,False,False,Ineficiente
386,8,9,Apartamento,False,5,12,True,True,Moderado
355,5,3,Casa,True,6,13,True,False,Moderado
594,20,5,Casa,False,3,32,False,True,Moderado
198,23,13,Casa,False,2,1,False,False,Moderado
269,20,3,Casa,True,1,1,False,False,Eficiente
846,7,5,Casa,True,2,38,False,False,Moderado
583,14,13,Casa,False,5,40,False,True,Moderado
355,12,14,Local,False,2,30,True,True,Moderado
731,14,14,Casa,True,6,3,False,False,Moderado
849,14,11,Local,True,5,33,False,False,Moderado
588,23,8,Local,False,5,18,False,True,Moderado
860,21,10,Apartamento,False,4,36,False,False,Moderado
310,16,15,Casa,False,4,8,False,True,Moderado
430,22,15,Casa,False,6,23,False,False,Moderado
1262,14,9,Local,True,6,12,False,True,Ineficiente
602,23,13,Apartamento,False,2,43,False,False,Moderado
601,12,10,Apartamento,False,1,29,False,False,Moderado
1034,20,9,Casa,False,2,18,True,False,Moderado
352,9,3,Oficina,True,6,40,False,False,Eficiente
1500,21,8,Casa,True,1,9,True,True,Moderado
314,9,3,Casa,False,2,50,True,False,Eficiente
680,11,14,Apartamento,True,3,41,True,False,Moderado
925,17,13,Casa,False,3,43,False,False,Moderado
203,20,12,Apartamento,True,1,13,False,False,Moderado
1064,24,3,Local,True,4,39,False,False,Eficiente
1355,12,5,Local,True,1,47,True,True,Moderado
591,14,2,Oficina,False,2,48,True,False,Eficiente
994,10,6,Apartamento,False,5,19,False,True,Moderado
230,21,7,Apartamento,False,3,3,True,False,Moderado
967,20,10,Casa,False,5,37,False,False,Moderado
261,17,11,Apartamento,True,3,43,False,True,Moderado
118,8,9,Casa,True,2,49,False,False,Moderado
748,20,3,Casa,False,3,38,False,True,Eficiente
1340,13,2,Casa,False,1,4,True,True,Moderado
1022,16,3,Apartamento,False,5,41,False,False,Moderado
228,24,8,Apartamento,False,6,31,False,False,Moderado
1431,15,5,Oficina,True,5,5,False,True,Moderado
888,12,11,Casa,True,2,13,True,False,Ineficiente
381,11,6,Oficina,False,6,5,False,False,Moderado
412,12,13,Local,True,5,13,False,True,Moderado
871,7,8,Apartamento,True,2,11,True,False,Ineficiente
964,3,4,Apartamento,False,4,26,False,True,Moderado
378,12,11,Casa,True,1,25,True,False,Moderado
366,20,3,Local,False,3,11,False,True,Eficiente
435,7,14,Apartamento,True,3,7,False,True,Moderado
880,15,8,Oficina,False,3,9,False,True,Moderado
963,21,6,Apartamento,False,4,15,False,True,Moderado
314,7,15,Local,False,1,25,False,False,Moderado
796,18,2,Local,False,5,7,False,True,Eficiente
1220,11,2,Casa,True,5,40,False,True,Moderado
1018,2,10,Casa,False,1,44,True,False,Ineficiente
620,4,6,Apartamento,False,6,28,False,False,Moderado
379,9,2,Apartamento,False,1,19,False,True,Moderado
542,9,8,Casa,True,3,16,False,False,Moderado
669,21,10,Oficina,True,5,18,False,True,Moderado
362,23,12,Apartamento,True,1,16,False,False,Moderado
217,16,2,Oficina,False,5,38,False,True,Eficiente
1147,8,11,Local,True,1,0,False,False,Ineficiente
540,12,15,Apartamento,False,2,28,False,False,Moderado
464,8,14,Oficina,False,3,13,False,True,Moderado
500,5,5,Apartamento,False,1,16,False,False,Moderado
930,13,15,Oficina,False,4,12,True,False,Moderado
712,7,4,Casa,True,1,28,True,False,Moderado
782,15,6,Casa,False,2,33,False,False,Moderado
117,13,8,Apartamento,False,4,26,True,False,Moderado
102,12,9,Apartamento,False,4,45,False,False,Moderado
492,20,14,Apartamento,False,1,32,False,False,Moderado
1359,22,3,Apartamento,True,2,28,True,False,Moderado
243,6,8,Casa,True,4,36,False,True,Moderado
215,15,15,Oficina,False,3,38,False,False,Moderado
441,22,15,Apartamento,False,6,18,False,False,Moderado
249,17,2,Apartamento,True,3,45,True,False,Eficiente
712,14,8,Apartamento,True,5,23,True,False,Moderado
686,23,9,Local,True,5,13,False,True,Moderado
1143,23,3,Oficina,False,2,46,True,False,Moderado
552,21,10,Apartamento,False,4,36,False,False,Moderado
1113,23,2,Casa,False,3,4,False,False,Moderado
457,5,14,Apartamento,True,3,23,True,False,Ineficiente
310,12,7,Apartamento,True,6,33,False,False,Moderado
1302,18,2,Oficina,True,2,49,False,True,Moderado
1402,8,4,Casa,False,4,30,True,False,Moderado
1219,15,12,Oficina,False,2,29,True,False,Ineficiente
297,12,7,Apartamento,True,1,8,True,True,Moderado
1500,23,4,Oficina,False,3,26,True,True,Moderado
579,10,9,Casa,False,2,27,False,False,Moderado
1213,24,6,Oficina,False,2,41,True,False,Moderado
677,14,3,Oficina,True,6,25,False,False,Moderado
313,24,5,Oficina,True,1,17,False,False,Moderado
885,19,10,Casa,True,5,35,False,True,Moderado
471,12,5,Casa,False,3,7,True,False,Moderado
838,16,11,Apartamento,False,6,17,False,True,Moderado
1338,23,11,Casa,True,2,19,True,False,Moderado
374,20,9,Casa,True,3,31,False,True,Moderado
1452,2,6,Casa,False,5,28,False,True,Moderado
1123,5,12,Apartamento,False,2,48,False,False,Ineficiente
865,15,12,Apartamento,False,1,47,False,True,Moderado
1094,15,11,Casa,True,3,17,False,False,Ineficiente
1500,4,14,Casa,True,6,6,False,True,Ineficiente
1010,18,14,Apartamento,True,1,0,False,True,Moderado
274,4,15,Apartamento,True,5,27,False,True,Moderado
1123,17,2,Casa,False,5,32,False,False,Moderado
799,15,8,Casa,True,3,49,False,True,Moderado
1420,21,4,Oficina,True,5,3,False,True,Moderado
306,14,11,Oficina,False,4,19,False,False,Moderado
1171,16,9,Oficina,True,6,35,False,True,Moderado
950,15,15,Oficina,False,3,30,False,False,Moderado
580,20,13,Casa,True,4,37,True,False,Moderado
438,7,4,Apartamento,False,5,27,True,True,Moderado
117,11,2,Apartamento,True,3,2,False,False,Eficiente
1021,16,6,Apartamento,False,4,5,False,False,Moderado
267,22,3,Casa,True,5,44,False,False,Eficiente
1160,23,12,Apartamento,True,2,22,False,False,Moderado
1020,21,5,Apartamento,False,2,6,False,False,Moderado
1459,7,2,Casa,True,1,35,False,True,Moderado
422,24,10,Local,True,2,0,True,False,Moderado
662,11,7,Casa,False,4,5,False,False,Moderado
714,8,9,Casa,False,6,23,True,False,Ineficiente
605,23,12,Casa,True,2,36,False,False,Moderado
498,18,5,Casa,True,3,44,True,False,Moderado
1010,19,10,Casa,True,3,50,False,True,Moderado
1158,18,3,Oficina,True,3,35,False,False,Moderado
903,10,10,Apartamento,False,2,23,True,True,Ineficiente
979,11,13,Apartamento,False,2,37,False,False,Ineficiente
845,11,6,Casa,False,1,44,False,False,Moderado
959,8,14,Apartamento,False,6,28,True,True,Ineficiente
241,17,7,Local,False,6,36,False,False,Moderado
673,19,4,Apartamento,False,5,44,False,False,Moderado
285,7,5,Local,True,1,31,True,False,Moderado
216,21,7,Oficina,True,4,24,True,True,Moderado
1192,2,8,Oficina,False,3,9,True,False,Ineficiente
290,2,2,Apartamento,True,2,34,False,False,Moderado
582,13,8,Casa,True,5,24,True,False,Moderado
891,22,2,Apartamento,True,5,26,True,False,Eficiente
1414,3,6,Apartamento,True,2,44,True,False,Moderado
621,5,7,Local,False,1,31,False,False,Moderado
1400,18,14,Local,False,5,11,False,True,Ineficiente
1307,5,3,Local,True,6,3,False,True,Moderado
947,12,14,Local,True,1,41,False,False,Ineficiente
98,23,11,Casa,False,2,25,False,False,Moderado
613,5,10,Casa,True,1,2,True,False,Ineficiente
1064,2,15,Casa,False,6,16,False,True,Ineficiente
340,8,11,Oficina,False,3,8,False,True,Moderado
192,19,7,Local,True,2,28,False,False,Moderado
560,10,8,Apartamento,False,6,0,False,False,Moderado
1183,4,15,Local,False,2,17,False,True,Ineficiente
1010,9,11,Local,True,6,40,True,False,Ineficiente
865,20,9,Oficina,True,6,19,True,True,Moderado
1094,5,12,Local,False,5,40,False,True,Ineficiente
1365,19,14,Apartamento,True,5,33,False,True,Moderado
1318,21,11,Apartamento,False,5,50,True,False,Moderado
240,12,2,Casa,False,3,27,False,False,Eficiente
624,15,15,Apartamento,True,3,47,False,True,Moderado
332,19,9,Apartamento,True,6,34,True,False,Moderado
960,17,5,Casa,False,4,15,False,True,Moderado
1380,4,11,Local,True,2,20,True,False,Ineficiente
478,16,9,Apartamento,False,5,12,False,False,Moderado
204,5,14,Oficina,False,2,34,False,True,Moderado
316,6,7,Casa,False,6,41,True,True,Moderado
154,18,12,Apartamento,True,1,31,False,False,Moderado
216,8,10,Apartamento,False,6,49,False,False,Moderado
1062,17,12,Casa,False,3,37,True,True,Moderado
916,15,5,Apartamento,False,4,5,False,False,Moderado
694,17,3,Casa,False,1,49,True,False,Eficiente
217,8,15,Casa,False,2,37,False,False,Moderado
154,10,3,Casa,False,3,37,True,False,Eficiente
1052,5,6,Casa,True,5,12,False,False,Moderado
399,23,11,Local,False,1,45,True,False,Moderado
946,12,10,Casa,True,3,38,True,False,Ineficiente
642,3,13,Apartamento,True,2,12,False,False,Ineficiente
1086,13,4,Local,False,6,46,False,True,Moderado
626,13,9,Apartamento,True,2,11,False,False,Moderado
1301,5,5,Oficina,False,1,32,False,True,Moderado
858,19,7,Local,False,1,27,False,True,Moderado
153,22,11,Local,True,6,2,True,False,Moderado
1195,8,7,Casa,True,1,17,True,False,Moderado
1500,2,4,Local,False,4,25,False,True,Moderado
783,24,15,Local,False,5,39,False,False,Moderado
442,14,6,Casa,False,3,1,False,True,Moderado
678,7,13,Casa,False,6,3,True,True,Ineficiente
932,7,4,Casa,True,2,49,False,True,Moderado
986,13,12,Local,True,2,27,True,False,Moderado
1089,9,12,Apartamento,False,5,27,False,False,Ineficiente
1010,23,2,Local,False,1,24,False,False,Moderado
864,20,8,Casa,True,1,25,True,False,Moderado
871,6,5,Local,False,2,44,False,False,Moderado
691,19,15,Casa,False,5,46,False,False,Moderado
1385,6,8,Casa,False,2,1,True,True,Ineficiente
765,11,4,Apartamento,True,1,41,False,False,Moderado
267,2,13,Casa,False,6,33,False,False,Ineficiente
1500,11,12,Casa,False,3,29,True,True,Ineficiente
815,6,6,Casa,False,1,20,False,True,Moderado
964,13,6,Apartamento,False,6,43,True,False,Moderado
1306,23,14,Oficina,False,3,36,False,True,Moderado
955,8,3,Local,False,4,43,False,False,Moderado
906,10,12,Apartamento,False,5,22,False,True,Ineficiente
591,23,11,Casa,True,6,32,True,False,Moderado
1500,22,13,Apartamento,True,4,1,True,True,Moderado
242,13,3,Local,False,1,26,False,False,Eficiente
418,24,5,Casa,True,5,47,True,False,Moderado
711,2,5,Casa,True,6,21,False,False,Moderado
1500,12,5,Casa,True,1,33,True,True,Moderado
284,22,7,Local,True,5,15,False,False,Moderado
661,16,3,Casa,True,5,19,False,False,Eficiente
920,3,7,Local,True,1,25,False,False,Moderado
1053,21,8,Casa,False,1,15,True,True,Moderado
329,8,12,Casa,False,6,5,False,False,Moderado
1144,22,11,Apartamento,False,5,44,True,False,Moderado
357,13,4,Apartamento,True,6,43,False,True,Moderado
1199,23,12,Casa,False,5,22,True,True,Moderado
1500,19,13,Casa,False,6,41,False,True,Ineficiente
933,4,9,Casa,False,1,36,False,True,Ineficiente
751,8,3,Casa,True,1,7,False,False,Moderado
1023,12,12,Casa,True,2,5,False,False,Ineficiente
361,19,9,Oficina,False,6,36,False,True,Moderado
571,13,14,Apartamento,False,2,21,False,False,Moderado
1170,7,12,Apartamento,False,2,5,True,False,Ineficiente
287,6,6,Casa,False,4,31,False,True,Moderado
244,2,3,Casa,True,5,16,False,False,Moderado
510,13,8,Casa,False,3,37,False,True,Moderado
120,12,15,Apartamento,True,4,16,True,False,Moderado
1500,5,3,Apartamento,False,5,36,True,True,Moderado
1063,19,15,Casa,False,3,22,False,False,Moderado
499,5,7,Local,False,2,48,False,True,Moderado
540,18,11,Apartamento,True,3,48,True,False,Moderado
1118,3,4,Casa,True,1,12,True,False,Moderado
722,23,10,Casa,False,1,31,True,True,Moderado
524,3,4,Apartamento,False,6,21,False,False,Moderado
655,13,12,Local,False,5,6,False,True,Moderado
288,7,13,Casa,False,4,21,True,False,Moderado
1104,11,13,Casa,True,2,20,True,True,Ineficiente
974,24,4,Apartamento,False,5,5,False,False,Moderado
887,22,6,Casa,False,2,13,True,True,Moderado
1424,24,8,Apartamento,False,1,15,False,True,Moderado
527,17,15,Apartamento,True,4,2,False,True,Moderado
880,15,9,Casa,False,4,8,False,True,Moderado
1094,8,13,Casa,True,1,46,False,False,Ineficiente
478,20,12,Apartamento,False,3,20,False,True,Moderado
806,24,8,Casa,False,4,49,True,False,Moderado
652,18,10,Casa,True,3,29,False,False,Moderado
166,10,6,Local,True,2,29,True,True,Moderado
1033,14,11,Casa,False,4,41,False,False,Ineficiente
146,23,12,Apartamento,False,6,41,True,False,Moderado
502,6,4,Casa,True,1,31,False,False,Moderado
307,24,7,Apartamento,True,3,22,True,False,Moderado
948,6,6,Casa,False,6,2,True,True,Moderado
1358,11,13,Oficina,False,2,0,False,True,Ineficiente
277,22,5,Local,True,2,2,False,False,Moderado
689,11,13,Casa,False,4,36,False,False,Moderado
1105,8,3,Apartamento,True,4,6,True,False,Moderado
1453,16,8,Casa,True,6,2,True,True,Ineficiente
101,8,14,Apartamento,True,5,35,False,False,Moderado
1392,16,6,Local,False,5,48,True,False,Moderado
1500,4,5,Apartamento,True,4,2,False,True,Moderado
921,20,13,Casa,False,5,3,False,False,Moderado
177,11,15,Apartamento,False,1,30,False,False,Moderado
514,16,9,Casa,False,6,1,False,False,Moderado
716,4,10,Local,False,1,13,False,False,Ineficiente
1189,7,10,Apartamento,False,5,36,False,False,Ineficiente
1040,13,4,Casa,False,4,30,True,True,Moderado
507,16,4,Casa,False,1,1,True,False,Moderado
845,7,6,Local,False,2,30,False,True,Moderado
828,14,6,Local,True,4,46,True,False,Moderado
386,20,11,Casa,True,6,42,True,False,Moderado
640,4,3,Casa,False,3,21,False,False,Moderado
1350,9,2,Apartamento,True,3,9,False,True,Moderado
111,9,9,Casa,True,4,29,False,False,Moderado
611,24,4,Casa,False,5,32,False,True,Moderado
555,21,2,Casa,True,1,18,True,True,Eficiente
611,16,2,Casa,False,1,45,False,False,Moderado
554,5,12,Apartamento,True,4,24,True,False,Ineficiente
1171,20,3,Oficina,False,2,45,False,False,Moderado
963,22,7,Apartamento,False,6,0,False,False,Moderado
380,4,7,Casa,False,5,31,False,True,Moderado
591,14,15,Apartamento,True,2,24,False,True,Moderado
823,9,4,Apartamento,False,4,40,False,False,Moderado
292,24,13,Casa,False,4,16,False,False,Moderado
189,17,5,Oficina,False,2,13,True,False,Moderado
707,14,13,Apartamento,False,3,44,False,False,Moderado
887,4,14,Oficina,True,4,12,False,True,Ineficiente
861,17,3,Apartamento,False,6,37,False,False,Moderado
1080,10,3,Apartamento,False,5,38,False,False,Moderado
986,15,8,Casa,True,2,1,False,True,Moderado
164,14,14,Apartamento,False,3,31,True,False,Moderado
1354,22,2,Casa,False,2,31,True,False,Moderado
960,8,8,Local,False,3,39,False,False,Ineficiente
683,16,15,Local,False,3,5,False,True,Moderado
174,8,13,Local,False,6,24,True,False,Moderado
1491,7,15,Local,False,5,2,False,True,Ineficiente
1418,3,13,Local,False,4,17,False,True,Ineficiente
306,10,15,Casa,False,3,49,False,False,Moderado
1330,23,2,Apartamento,False,4,37,True,True,Moderado
985,18,15,Apartamento,False,5,42,False,True,Moderado
680,6,7,Apartamento,False,4,2,False,False,Moderado
458,13,4,Local,False,6,47,False,False,Moderado
945,2,9,Casa,False,6,4,True,False,Ineficiente
602,11,7,Casa,False,1,23,True,True,Moderado
1029,12,12,Oficina,True,6,33,True,False,Ineficiente
583,17,3,Apartamento,True,3,46,False,False,Eficiente
416,15,9,Casa,True,5,47,True,False,Moderado
87,9,6,Local,False,6,38,False,False,Moderado
915,18,9,Oficina,True,2,47,True,True,Moderado
666,19,9,Casa,True,5,23,True,False,Moderado
291,13,7,Local,True,3,35,True,False,Moderado
733,18,3,Oficina,False,5,27,False,True,Eficiente
1175,15,9,Oficina,True,6,47,False,False,Ineficiente
839,17,12,Oficina,False,2,48,False,True,Moderado
984,15,7,Apartamento,True,1,33,False,False,Moderado
995,10,7,Casa,False,3,15,True,True,Moderado
412,5,9,Casa,False,3,35,False,True,Ineficiente
633,24,2,Casa,False,5,6,False,False,Eficiente
907,12,3,Apartamento,True,4,17,False,False,Moderado
853,7,13,Casa,False,4,5,True,True,Ineficiente
465,16,13,Casa,False,2,49,False,False,Moderado
1024,6,10,Casa,True,1,27,True,False,Ineficiente
1112,12,12,Casa,True,1,38,True,False,Ineficiente
726,19,13,Local,True,5,33,True,True,Moderado
1147,14,9,Casa,False,5,50,True,False,Ineficiente
439,12,13,Apartamento,True,4,40,False,True,Moderado
362,15,8,Apartamento,False,6,28,False,False,Moderado
119,19,8,Casa,False,1,3,False,False,Moderado
678,20,6,Oficina,False,6,13,True,False,Moderado
1500,16,3,Apartamento,False,1,4,True,True,Moderado
299,10,12,Casa,False,6,24,False,False,Moderado
1422,9,7,Casa,False,6,38,False,True,Moderado
1323,21,11,Casa,False,1,7,True,False,Moderado
899,2,4,Casa,True,2,14,False,True,Moderado
1208,5,5,Casa,True,2,18,True,False,Moderado
997,15,14,Apartamento,False,5,10,False,True,Moderado
1079,3,11,Oficina,False,6,19,True,True,Ineficiente
406,17,13,Apartamento,False,6,35,True,False,Moderado
1282,4,12,Casa,True,6,17,True,False,Ineficiente
1254,9,3,Casa,True,6,13,True,False,Moderado
694,7,15,Apartamento,True,6,37,True,True,Ineficiente
809,17,3,Casa,False,4,24,False,True,Moderado
873,17,13,Casa,False,3,15,True,False,Moderado
1071,8,9,Local,False,6,17,True,False,Ineficiente
1500,14,9,Casa,False,4,0,True,True,Ineficiente
654,14,11,Local,True,2,39,False,False,Moderado
1092,6,7,Casa,True,6,0,False,False,Moderado
749,21,14,Oficina,True,2,0,False,False,Moderado
452,23,6,Apartamento,False,5,50,False,True,Moderado
1203,19,9,Local,True,3,20,True,False,Moderado
508,16,5,Casa,False,1,24,True,True,Moderado
210,19,12,Oficina,False,3,26,False,False,Moderado
561,3,5,Local,True,6,9,False,True,Moderado
275,11,6,Apartamento,True,6,49,False,False,Moderado
1009,24,2,Apartamento,True,3,11,False,False,Moderado
1101,14,2,Local,False,3,27,False,False,Moderado
724,19,3,Casa,False,5,48,False,False,Eficiente
367,16,15,Apartamento,True,2,31,True,False,Moderado
936,13,9,Local,False,1,32,True,False,Moderado
447,16,8,Casa,False,3,7,False,True,Moderado
1131,14,11,Casa,False,1,41,True,True,Ineficiente
290,19,10,Apartamento,False,3,25,False,False,Moderado
1022,16,6,Local,False,2,41,False,False,Moderado
536,24,3,Casa,False,1,49,False,False,Eficiente
1254,12,8,Casa,True,4,40,True,True,Ineficiente
1061,20,9,Casa,True,2,1,False,False,Moderado
867,4,13,Local,False,1,34,False,True,Ineficiente
555,8,8,Casa,False,3,33,False,False,Ineficiente
1500,22,15,Apartamento,False,3,5,True,True,Moderado
282,15,8,Casa,False,2,30,True,False,Moderado
269,15,13,Local,False,2,22,False,False,Moderado
1272,23,15,Oficina,True,3,11,True,False,Moderado
812,14,6,Casa,True,1,50,False,True,Moderado
156,13,3,Casa,True,4,27,False,True,Eficiente
463,10,7,Local,False,5,14,True,False,Moderado
1022,2,5,Casa,True,2,18,False,False,Moderado
650,20,11,Casa,True,3,11,True,True,Moderado
1178,12,3,Local,True,1,49,False,False,Moderado
1238,24,13,Oficina,True,2,47,True,False,Moderado
429,23,10,Apartamento,True,1,1,True,False,Moderado
1500,24,8,Casa,True,2,10,True,True,Moderado
457,23,7,Casa,False,3,43,False,True,Moderado
1099,20,13,Casa,True,1,36,True,False,Moderado
838,19,6,Local,True,3,37,True,False,Moderado
941,13,4,Local,False,1,24,False,False,Moderado
1212,24,13,Oficina,False,2,42,True,False,Moderado
478,2,11,Casa,True,5,20,False,True,Ineficiente
1043,20,11,Apartamento,True,5,41,False,True,Moderado
1263,21,5,Casa,False,4,35,False,True,Moderado
421,18,4,Casa,True,4,8,True,False,Moderado
1402,6,13,Local,True,6,11,True,False,Ineficiente
730,4,12,Casa,True,3,9,False,True,Ineficiente
1319,3,9,Apartamento,True,1,45,False,True,Ineficiente
392,4,4,Apartamento,False,4,4,True,False,Moderado
235,9,8,Oficina,False,2,32,False,False,Moderado
1150,17,8,Local,False,5,4,False,False,Ineficiente
831,7,8,Local,False,1,15,True,True,Ineficiente
280,14,14,Apartamento,True,6,36,False,False,Moderado
316,24,8,Casa,False,5,36,True,True,Moderado
104,23,15,Apartamento,True,1,28,False,True,Moderado
1361,23,3,Apartamento,True,4,17,False,True,Moderado
1457,17,11,Apartamento,False,4,28,True,True,Ineficiente
719,17,4,Apartamento,False,3,5,False,False,Moderado
270,4,11,Casa,True,6,17,False,False,Moderado
773,14,10,Casa,False,1,31,False,True,Moderado
625,15,4,Casa,True,6,41,True,False,Moderado
288,9,3,Apartamento,True,2,46,False,True,Eficiente
612,13,10,Apartamento,True,6,30,False,False,Moderado
477,24,14,Apartamento,False,4,10,True,True,Moderado
1233,24,11,Casa,False,3,25,True,False,Moderado
700,23,10,Casa,False,4,27,False,True,Moderado
630,22,5,Local,True,5,26,False,False,Moderado
566,9,15,Local,True,4,18,True,False,Moderado
924,22,13,Apartamento,False,1,44,False,False,Moderado
375,10,10,Apartamento,True,3,26,False,True,Moderado
870,2,4,Casa,True,1,19,True,False,Moderado
357,7,8,Local,False,2,2,True,False,Moderado
486,24,8,Local,False,2,15,False,False,Moderado
967,20,12,Apartamento,True,4,38,False,False,Moderado
637,24,9,Apartamento,True,3,43,False,False,Moderado
754,12,11,Apartamento,True,6,28,True,False,Moderado
221,12,5,Apartamento,False,3,14,False,False,Moderado
898,24,4,Apartamento,False,3,29,False,True,Moderado
580,14,4,Apartamento,False,3,39,False,False,Moderado
1102,12,13,Apartamento,True,4,48,True,False,Ineficiente
1015,19,6,Casa,True,1,0,False,True,Moderado
1053,24,12,Oficina,False,4,28,True,True,Moderado
432,16,15,Local,False,6,29,True,False,Moderado
603,2,2,Casa,False,1,39,True,False,Moderado
1458,22,11,Apartamento,True,6,45,True,True,Moderado
349,8,4,Casa,False,5,31,False,False,Moderado
363,24,15,Casa,False,5,9,True,True,Moderado
693,14,7,Casa,False,1,26,False,False,Moderado
741,13,4,Apartamento,False,4,50,False,False,Moderado
210,19,6,Oficina,True,6,7,False,True,Moderado
1026,20,10,Apartamento,True,6,50,False,False,Moderado
1271,16,3,Apartamento,True,2,35,False,True,Moderado
363,9,12,Apartamento,False,6,41,False,False,Moderado
1059,20,3,Casa,False,4,34,False,False,Moderado
327,11,13,Casa,False,2,35,False,True,Moderado
1166,8,7,Local,True,4,47,False,False,Moderado
1176,19,7,Oficina,False,3,35,False,False,Moderado
842,17,12,Apartamento,False,6,24,False,False,Moderado
925,21,12,Apartamento,True,3,19,False,True,Moderado
1039,7,9,Oficina,False,5,44,True,False,Ineficiente
1226,10,13,Casa,True,5,16,True,False,Ineficiente
1418,22,14,Local,True,1,22,False,True,Moderado
744,14,12,Apartamento,True,6,24,True,True,Moderado
1316,22,15,Apartamento,False,2,47,False,True,Moderado
906,9,3,Casa,False,3,48,True,False,Moderado
1015,17,10,Apartamento,True,4,30,False,False,Moderado
544,14,3,Local,False,6,5,False,False,Eficiente
569,14,14,Casa,False,1,34,True,True,Moderado
344,18,2,Apartamento,False,4,3,False,False,Eficiente
518,24,11,Casa,True,3,39,False,True,Moderado
977,21,3,Oficina,False,6,19,False,True,Eficiente
899,6,13,Apartamento,False,3,40,False,False,Ineficiente
262,23,8,Local,True,6,0,True,True,Moderado
900,22,9,Casa,True,6,44,False,False,Moderado
1296,18,6,Casa,False,3,25,True,False,Moderado
495,10,7,Casa,True,3,33,True,False,Moderado
301,3,13,Casa,False,4,9,False,False,Ineficiente
120,19,2,Casa,True,1,22,False,False,Eficiente
191,10,7,Apartamento,False,3,50,False,True,Moderado
1067,7,13,Casa,True,5,48,False,False,Ineficiente
711,12,9,Apartamento,True,1,23,True,False,Moderado
774,7,14,Casa,True,5,12,False,False,Ineficiente
1454,7,4,Apartamento,False,4,28,False,True,Moderado
867,14,12,Local,False,3,45,True,True,Moderado
1165,12,2,Apartamento,True,1,26,False,False,Moderado
1248,15,12,Oficina,True,3,30,False,True,Ineficiente
797,3,5,Casa,False,6,42,True,True,Moderado
451,9,2,Apartamento,False,3,9,False,True,Moderado
1138,4,15,Apartamento,False,1,30,False,False,Ineficiente
1029,24,9,Apartamento,True,3,38,True,False,Moderado
573,22,6,Apartamento,False,3,9,False,False,Moderado
962,4,2,Apartamento,False,2,23,False,True,Moderado
1419,2,15,Apartamento,False,2,32,False,True,Ineficiente
1138,20,9,Apartamento,False,1,13,False,False,Ineficiente
1056,19,10,Oficina,True,1,34,False,False,Moderado
729,18,11,Oficina,True,6,44,False,True,Moderado
1258,21,3,Casa,False,6,33,True,True,Moderado
726,14,10,Casa,False,3,16,False,True,Moderado
1500,4,9,Local,False,5,20,True,True,Ineficiente
1111,2,8,Oficina,False,1,31,False,False,Ineficiente
548,5,4,Casa,False,3,2,False,True,Moderado
641,14,3,Casa,True,5,14,True,True,Eficiente
672,18,8,Oficina,True,2,7,False,True,Moderado
328,12,6,Local,True,6,31,False,True,Moderado
765,3,7,Casa,True,1,37,True,False,Moderado
945,17,5,Apartamento,False,3,25,True,True,Moderado
959,3,3,Oficina,True,2,29,False,True,Moderado
126,20,10,Local,True,4,8,True,False,Moderado
899,24,4,Local,True,2,31,False,False,Moderado
684,20,13,Local,True,3,10,False,False,Moderado
630,17,15,Casa,True,6,21,False,True,Moderado
373,23,8,Local,False,5,33,True,False,Moderado
612,20,15,Casa,True,4,40,False,False,Moderado
911,10,9,Oficina,False,4,17,True,True,Ineficiente
335,2,3,Casa,False,6,18,False,True,Moderado
253,11,15,Oficina,False,4,17,True,False,Moderado
427,20,7,Casa,True,1,36,False,False,Moderado
619,2,12,Apartamento,True,3,17,False,False,Ineficiente
851,3,9,Casa,True,4,11,False,False,Ineficiente
186,17,8,Apartamento,False,2,3,True,False,Moderado
1026,13,12,Local,False,5,46,True,True,Moderado
933,9,4,Local,False,3,42,False,False,Moderado
327,24,2,Apartamento,False,6,26,True,False,Eficiente
426,19,15,Casa,True,2,50,False,False,Moderado
1339,3,7,Oficina,False,1,4,False,True,Moderado
1500,14,9,Local,True,4,5,False,True,Ineficiente
293,7,7,Local,False,2,12,False,False,Moderado
1017,22,6,Local,False,3,22,True,True,Moderado
1116,7,12,Local,True,2,41,False,True,Ineficiente
531,10,13,Apartamento,True,1,24,True,True,Moderado
1262,17,9,Local,False,5,45,True,True,Moderado
434,12,3,Apartamento,True,4,3,True,False,Eficiente
441,8,13,Oficina,True,3,31,False,False,Moderado
676,11,2,Local,True,4,43,False,True,Moderado
172,11,2,Casa,True,4,14,False,False,Eficiente
998,21,15,Casa,False,6,25,True,False,Moderado
946,19,5,Casa,False,4,41,False,False,Moderado
221,21,7,Casa,False,2,10,False,False,Moderado
993,10,14,Apartamento,True,2,8,True,False,Ineficiente
1141,16,10,Oficina,False,5,10,True,True,Moderado
780,5,2,Casa,False,1,1,False,False,Moderado
1077,9,13,Apartamento,True,3,44,False,False,Ineficiente
153,10,2,Oficina,True,2,26,True,False,Eficiente
1248,14,14,Local,False,4,25,False,True,Ineficiente
760,10,14,Apartamento,True,1,7,True,False,Ineficiente
483,5,6,Local,True,3,20,False,False,Moderado
1165,18,11,Apartamento,True,3,20,True,False,Moderado
1132,17,6,Casa,True,3,7,True,False,Moderado
885,16,6,Casa,True,3,0,False,True,Moderado
546,4,11,Casa,True,5,37,False,True,Ineficiente
783,21,7,Casa,False,3,12,False,False,Moderado
516,6,9,Oficina,True,1,8,False,True,Ineficiente
697,24,4,Local,False,2,27,False,False,Moderado
461,6,10,Apartamento,True,1,5,False,False,Ineficiente
312,21,14,Apartamento,False,4,46,False,False,Moderado
896,16,2,Casa,False,6,22,False,False,Moderado
632,19,5,Local,False,5,47,False,False,Moderado
1215,16,10,Local,False,5,35,False,True,Moderado
1077,3,15,Casa,False,4,16,True,False,Ineficiente
262,14,9,Casa,False,1,8,False,False,Moderado
1372,5,11,Apartamento,True,1,11,True,False,Ineficiente
476,11,10,Apartamento,True,4,21,False,False,Moderado
1029,14,2,Apartamento,False,6,50,True,False,Moderado
1183,11,10,Apartamento,True,3,11,True,False,Ineficiente
247,10,4,Apartamento,False,3,5,True,False,Moderado
80,9,12,Casa,False,2,43,False,False,Moderado
152,4,13,Casa,True,1,8,True,True,Moderado
861,17,11,Apartamento,False,1,36,False,True,Moderado
535,15,10,Oficina,True,4,2,False,False,Moderado
1243,10,2,Oficina,True,4,33,True,False,Moderado
524,22,2,Oficina,False,3,7,False,False,Eficiente
1062,12,10,Local,True,1,9,True,True,Ineficiente
182,4,12,Apartamento,False,1,46,False,False,Moderado
1067,6,15,Apartamento,False,5,40,False,False,Ineficiente
718,11,7,Oficina,True,2,41,True,False,Moderado
1125,14,5,Casa,False,2,42,True,False,Moderado
328,5,8,Apartamento,False,3,8,False,True,Ineficiente
1084,14,6,Apartamento,True,6,13,False,False,Moderado
612,13,11,Apartamento,True,1,36,True,False,Moderado
967,6,15,Casa,False,5,26,True,False,Ineficiente
929,11,8,Apartamento,False,1,40,False,False,Ineficiente
1500,10,9,Local,True,4,31,True,True,Ineficiente
718,21,9,Apartamento,True,3,3,False,False,Moderado
648,8,2,Local,False,6,1,False,True,Moderado
1049,3,9,Casa,False,2,50,True,True,Ineficiente
564,23,7,Oficina,True,1,32,False,False,Moderado
491,24,5,Apartamento,False,6,20,False,False,Moderado
1015,8,14,Apartamento,False,3,0,False,False,Ineficiente
1187,9,15,Casa,False,2,43,False,False,Ineficiente
411,8,13,Casa,True,1,10,False,False,Moderado
734,22,9,Apartamento,False,5,0,False,False,Moderado
144,24,4,Apartamento,True,3,45,True,False,Moderado
1349,15,14,Apartamento,False,1,10,False,True,Ineficiente
184,20,5,Casa,False,2,6,False,False,Moderado
438,6,7,Local,False,2,1,True,True,Moderado
687,24,12,Local,False,5,14,False,True,Moderado
989,19,8,Casa,True,3,7,False,False,Moderado
289,21,5,Apartamento,False,3,46,False,False,Moderado
770,13,5,Local,True,6,25,True,False,Moderado
1029,24,8,Apartamento,False,1,39,False,True,Moderado
850,18,7,Casa,True,6,41,False,False,Moderado
1187,14,14,Apartamento,True,2,50,False,False,Ineficiente
692,3,12,Casa,False,2,34,False,True,Ineficiente
746,14,9,Casa,False,5,45,False,False,Moderado
708,8,2,Casa,False,5,40,False,False,Moderado
726,11,11,Apartamento,False,3,40,True,True,Moderado
375,24,14,Casa,True,6,20,False,False,Moderado
525,7,12,Oficina,False,2,37,True,True,Moderado
1500,4,8,Casa,True,1,7,False,True,Ineficiente
451,4,13,Casa,False,4,42,False,True,Ineficiente
597,19,8,Apartamento,False,1,31,True,False,Moderado
314,12,12,Casa,True,5,7,False,False,Moderado
1065,23,8,Apartamento,True,1,43,False,False,Moderado
783,21,8,Casa,True,2,9,True,False,Moderado
199,6,11,Casa,True,6,22,True,True,Moderado
362,20,15,Casa,True,3,3,True,False,Moderado
1200,23,11,Apartamento,True,6,47,True,False,Moderado
462,20,9,Casa,True,4,37,False,True,Moderado
648,16,10,Local,False,3,29,False,True,Moderado
1076,17,10,Apartamento,False,4,40,True,True,Moderado
454,10,3,Apartamento,True,4,22,False,False,Moderado
152,5,14,Apartamento,True,2,4,False,False,Moderado
1133,16,14,Apartamento,True,2,20,False,False,Ineficiente
427,13,8,Oficina,False,5,5,True,True,Moderado
926,24,8,Casa,False,5,48,False,False,Moderado
1144,4,5,Casa,False,4,16,False,False,Moderado
1500,24,10,Casa,False,6,24,False,True,Moderado
102,15,9,Casa,False,5,23,False,False,Moderado
526,18,13,Casa,False,2,21,True,False,Moderado
1178,20,2,Apartamento,True,5,12,False,False,Moderado
830,7,3,Apartamento,False,4,16,False,True,Moderado
976,5,14,Oficina,False,3,13,False,True,Ineficiente
985,8,14,Casa,False,6,33,False,True,Ineficiente
519,20,3,Casa,False,6,25,False,False,Eficiente
1012,18,13,Oficina,True,1,18,False,False,Moderado
86,17,13,Local,False,5,25,False,False,Moderado
780,16,12,Apartamento,True,6,2,True,True,Moderado
912,23,9,Apartamento,True,2,1,False,False,Moderado
829,9,2,Local,True,3,27,False,True,Moderado
1290,20,5,Apartamento,False,2,1,False,True,Moderado
1411,9,11,Casa,False,5,21,False,True,Ineficiente
266,19,13,Local,False,4,6,False,True,Moderado
474,17,6,Apartamento,False,1,3,False,False,Moderado
1164,21,10,Casa,False,1,48,False,True,Moderado
1152,20,8,Apartamento,False,3,37,True,False,Moderado
786,11,9,Apartamento,False,6,38,True,False,Ineficiente
484,18,15,Oficina,False,6,19,True,False,Moderado
1311,14,12,Casa,True,6,5,False,True,Ineficiente
1094,14,10,Oficina,False,1,8,True,False,Ineficiente
1500,8,14,Apartamento,False,4,30,True,True,Ineficiente
1099,11,8,Apartamento,False,6,25,True,False,Ineficiente
1206,3,6,Casa,False,2,35,True,False,Moderado
522,5,14,Local,False,6,25,False,False,Ineficiente
154,7,6,Oficina,False,4,27,False,False,Moderado
763,19,11,Casa,False,3,4,True,False,Moderado
574,24,12,Casa,False,3,50,False,True,Moderado
527,7,7,Apartamento,True,1,9,False,False,Moderado
443,24,6,Local,False,4,17,False,True,Moderado
204,18,14,Casa,False,2,14,False,False,Moderado
1287,15,13,Apartamento,False,4,32,False,True,Ineficiente
505,12,12,Apartamento,False,2,4,True,True,Moderado
621,20,10,Casa,True,2,36,False,False,Moderado
564,3,4,Apartamento,True,4,39,False,False,Moderado
241,4,4,Casa,False,5,21,True,False,Moderado
244,12,8,Local,False,4,21,True,False,Moderado
249,7,8,Apartamento,True,2,21,False,False,Moderado
203,15,7,Apartamento,True,6,14,False,False,Moderado
1138,20,4,Casa,False,3,16,False,False,Moderado
1500,17,15,Casa,True,3,50,False,True,Ineficiente
725,22,14,Local,True,1,44,False,False,Moderado
1038,23,8,Apartamento,True,3,27,True,False,Moderado
280,8,6,Apartamento,False,5,21,False,False,Moderado
448,9,8,Apartamento,False,2,20,False,False,Moderado
1138,20,3,Apartamento,True,4,41,False,True,Moderado
187,21,7,Casa,False,4,16,True,False,Moderado
165,17,15,Casa,True,5,4,True,False,Moderado
510,23,9,Casa,True,3,17,False,False,Moderado
717,8,2,Local,True,2,16,False,False,Moderado
244,10,5,Casa,True,3,3,False,True,Moderado
1413,14,12,Casa,True,1,6,False,True,Ineficiente
147,2,2,Local,True,3,24,False,False,Moderado
1500,9,15,Casa,False,1,36,False,True,Ineficiente
599,23,2,Apartamento,False,4,39,True,True,Eficiente
753,5,11,Casa,False,2,39,False,False,Ineficiente
444,4,13,Casa,False,6,42,False,False,Ineficiente
1404,4,15,Apartamento,True,1,8,True,True,Ineficiente
548,23,15,Casa,False,3,18,False,True,Moderado
1026,14,12,Local,True,3,50,False,False,Moderado
1271,9,9,Apartamento,False,4,8,False,True,Ineficiente
1093,8,8,Casa,True,5,22,False,True,Ineficiente
546,2,13,Casa,False,6,30,False,True,Ineficiente
1021,17,11,Apartamento,False,5,31,False,False,Moderado
462,7,14,Casa,True,3,30,False,False,Moderado
1500,8,2,Casa,False,5,16,True,True,Moderado
492,13,12,Apartamento,True,6,47,False,True,Moderado
218,24,15,Local,False,6,38,False,False,Moderado
438,10,14,Apartamento,False,2,21,False,False,Moderado
915,12,3,Local,True,5,34,False,False,Moderado
876,11,5,Oficina,True,2,29,True,True,Moderado
1500,22,2,Casa,True,3,50,True,True,Moderado
945,2,4,Local,False,3,39,False,False,Moderado
218,19,9,Local,True,3,36,False,False,Moderado
1397,5,9,Casa,False,4,25,False,True,Ineficiente
514,6,9,Oficina,False,5,5,False,False,Ineficiente
764,10,7,Casa,True,1,33,False,True,Moderado
352,18,7,Casa,False,6,31,False,False,Moderado
219,4,6,Local,False,1,24,True,False,Moderado
841,17,14,Apartamento,True,3,50,False,False,Moderado
866,6,10,Casa,True,5,12,False,False,Ineficiente
244,17,5,Casa,False,2,37,False,False,Moderado
1401,4,11,Local,True,1,37,False,True,Ineficiente
934,21,13,Local,True,3,1,True,True,Moderado
774,16,13,Apartamento,True,1,4,False,True,Moderado
1148,4,13,Oficina,False,1,10,True,True,Ineficiente
1079,21,8,Casa,False,6,10,True,True,Moderado
243,15,2,Casa,False,1,23,False,False,Eficiente
171,17,10,Apartamento,True,3,13,True,False,Moderado
1500,18,8,Local,False,6,44,False,True,Ineficiente
539,21,11,Casa,False,3,29,True,True,Moderado
507,24,13,Casa,True,4,39,True,True,Moderado
739,19,10,Local,True,4,46,True,True,Moderado
865,19,8,Oficina,False,4,43,True,True,Moderado
1056,23,3,Apartamento,False,1,34,False,False,Moderado
1123,15,7,Casa,False,5,20,False,False,Moderado
637,19,11,Oficina,False,3,4,False,False,Moderado
1316,16,13,Oficina,False,4,37,True,False,Ineficiente
962,16,12,Apartamento,True,5,1,False,False,Moderado
293,7,5,Local,False,4,39,False,True,Moderado
1162,16,4,Local,False,4,36,True,True,Moderado
699,19,3,Oficina,False,5,48,False,False,Eficiente
899,5,7,Local,True,4,33,False,False,Moderado
943,24,9,Apartamento,False,1,10,False,False,Moderado
859,9,7,Apartamento,False,1,35,False,True,Moderado
1102,16,10,Apartamento,True,6,10,False,False,Ineficiente
1207,4,15,Apartamento,True,1,8,True,True,Ineficiente
486,16,6,Local,False,2,5,False,False,Moderado
478,14,3,Oficina,True,6,33,False,False,Eficiente
1032,10,9,Apartamento,False,4,46,False,True,Ineficiente
783,3,10,Apartamento,False,2,36,False,False,Ineficiente
840,9,15,Apartamento,True,3,31,False,False,Ineficiente
578,21,11,Apartamento,False,5,11,False,False,Moderado
1368,18,5,Apartamento,False,3,44,False,True,Moderado
193,14,7,Casa,False,2,31,True,False,Moderado
887,2,12,Apartamento,True,1,16,False,True,Ineficiente
851,3,11,Casa,False,4,3,False,False,Ineficiente
982,16,9,Casa,True,6,41,False,False,Moderado
577,13,10,Local,True,4,32,False,True,Moderado
314,15,13,Casa,True,1,42,False,True,Moderado
1496,3,6,Casa,True,4,47,False,True,Moderado
767,19,13,Casa,False,5,42,False,True,Moderado
253,23,7,Casa,False,5,8,False,True,Moderado
1326,8,12,Local,False,5,33,False,True,Ineficiente
648,24,5,Apartamento,True,3,38,True,True,Moderado
960,7,6,Oficina,True,1,50,False,False,Moderado
816,15,8,Casa,False,5,29,False,False,Moderado
919,9,10,Casa,True,2,49,False,False,Ineficiente
226,23,11,Casa,False,5,19,False,False,Moderado
814,3,12,Local,False,6,38,True,True,Ineficiente
916,18,14,Apartamento,False,3,22,False,False,Moderado
1116,6,7,Oficina,True,2,40,False,False,Moderado
1328,15,15,Apartamento,False,1,43,False,True,Ineficiente
439,21,7,Apartamento,True,1,34,True,False,Moderado
799,22,9,Local,True,6,22,False,False,Moderado
670,22,12,Oficina,False,5,47,True,False,Moderado
101,23,5,Casa,False,2,38,False,False,Moderado
762,4,4,Casa,False,6,22,False,False,Moderado
1500,6,15,Apartamento,False,2,36,True,True,Ineficiente
399,17,8,Apartamento,False,5,22,False,False,Moderado
266,19,6,Oficina,True,5,38,False,True,Moderado
356,18,3,Apartamento,False,4,27,False,False,Eficiente
273,12,3,Casa,True,4,18,False,False,Eficiente
930,18,12,Oficina,True,5,48,True,False,Moderado
212,17,7,Local,False,3,47,True,True,Moderado
127,24,9,Casa,False,6,29,False,True,Moderado
343,3,2,Oficina,False,4,20,False,False,Moderado
873,5,12,Casa,True,5,23,False,False,Ineficiente
299,22,7,Casa,True,2,20,True,True,Moderado
807,8,13,Oficina,True,6,25,False,True,Ineficiente
943,3,3,Apartamento,True,4,50,False,True,Moderado
658,7,3,Casa,True,3,49,False,False,Moderado
1401,18,8,Casa,False,6,50,True,False,Ineficiente
135,8,11,Local,False,6,35,False,True,Moderado
96,6,2,Casa,True,1,25,True,False,Eficiente
990,6,7,Apartamento,False,2,32,False,False,Moderado
286,21,15,Apartamento,True,3,35,False,True,Moderado
727,17,8,Casa,False,3,3,False,False,Moderado
267,20,15,Apartamento,True,3,8,False,False,Moderado
364,10,9,Oficina,False,2,7,False,True,Moderado
336,6,8,Apartamento,False,3,1,False,False,Moderado
751,9,7,Casa,False,1,28,True,False,Moderado
354,10,10,Casa,True,4,22,False,True,Moderado
1016,6,14,Apartamento,False,2,5,False,True,Ineficiente
1145,11,4,Oficina,True,3,42,False,True,Moderado
1021,3,12,Casa,True,5,35,False,False,Ineficiente
640,10,7,Casa,True,4,45,False,True,Moderado
1178,12,5,Apartamento,False,6,20,False,False,Moderado
1186,5,3,Apartamento,False,2,21,True,False,Moderado
267,23,2,Casa,True,5,8,False,False,Eficiente
148,23,13,Local,False,6,33,True,False,Moderado
210,23,13,Casa,False,5,25,False,True,Moderado
437,3,15,Local,False,3,0,False,False,Ineficiente
1169,24,2,Apartamento,True,2,35,False,False,Moderado
1015,7,12,Apartamento,False,3,43,False,False,Ineficiente
454,15,11,Casa,False,6,4,False,False,Moderado
289,2,4,Local,False,1,40,True,False,Moderado
521,19,5,Casa,False,5,21,False,True,Moderado
529,8,3,Casa,True,1,3,False,False,Moderado
1500,2,14,Apartamento,True,6,47,True,True,Ineficiente
315,2,13,Local,True,3,1,True,False,Ineficiente
190,2,12,Casa,True,4,15,False,False,Ineficiente
763,5,12,Casa,False,5,15,False,True,Ineficiente
374,5,15,Local,True,4,21,False,False,Moderado
1500,19,12,Local,False,2,42,True,True,Moderado
1500,12,2,Casa,True,5,0,True,True,Moderado
711,2,5,Apartamento,False,1,14,False,False,Moderado
1130,11,8,Apartamento,False,4,23,False,False,Ineficiente
812,10,11,Apartamento,False,6,3,False,False,Ineficiente
400,24,12,Oficina,False,2,17,False,False,Moderado
1289,5,7,Casa,False,5,16,False,True,Moderado
516,7,7,Local,True,6,6,False,False,Moderado
1032,17,12,Apartamento,False,2,49,True,False,Moderado
1500,3,10,Apartamento,False,1,44,False,True,Ineficiente
966,24,15,Apartamento,False,6,9,True,False,Moderado
132,19,3,Oficina,False,5,0,True,False,Eficiente
499,11,5,Casa,False,2,1,True,False,Moderado
408,18,6,Casa,True,3,48,True,True,Moderado
1126,14,2,Casa,False,5,21,False,False,Moderado
747,19,9,Oficina,True,5,31,True,False,Moderado
1412,23,9,Local,True,5,28,True,False,Moderado
1446,14,7,Apartamento,False,5,34,False,True,Moderado
739,18,13,Casa,False,3,16,False,False,Moderado
310,6,6,Oficina,True,6,11,False,True,Moderado
1452,12,9,Local,False,6,23,False,True,Ineficiente
491,8,4,Apartamento,False,6,29,False,False,Moderado
1309,11,4,Casa,False,1,43,True,False,Moderado
158,18,3,Casa,False,3,29,True,False,Eficiente
487,16,6,Apartamento,False,3,19,False,False,Moderado
1111,19,4,Local,True,2,41,True,False,Moderado
1500,24,4,Casa,False,4,6,True,True,Moderado
1133,23,7,Apartamento,True,6,41,False,False,Moderado
938,20,9,Casa,True,4,49,True,False,Moderado
339,3,3,Local,False,2,37,False,False,Moderado
1162,5,5,Apartamento,False,3,6,False,False,Moderado
855,4,12,Casa,True,2,48,False,False,Ineficiente
1115,8,8,Apartamento,True,5,29,False,False,Ineficiente
1449,19,2,Casa,False,2,11,True,True,Moderado
562,11,2,Casa,False,2,48,False,True,Moderado
1500,8,13,Local,False,5,30,False,True,Ineficiente
1142,9,14,Casa,True,4,17,True,False,Ineficiente
1070,7,11,Casa,False,5,45,False,False,Ineficiente
1097,23,8,Casa,True,1,42,False,False,Moderado
1500,2,15,Casa,True,2,1,True,True,Ineficiente
373,5,8,Casa,False,2,32,False,False,Ineficiente
288,15,2,Casa,False,4,10,False,False,Eficiente
1500,18,2,Apartamento,True,3,33,True,True,Moderado
897,21,5,Casa,True,5,15,False,False,Moderado
609,19,6,Local,False,3,34,False,True,Moderado
525,12,6,Casa,True,1,32,False,True,Moderado
1500,22,5,Casa,True,5,20,True,True,Moderado
1258,15,9,Casa,True,1,19,False,True,Ineficiente
747,10,8,Oficina,True,1,7,False,False,Ineficiente
925,16,10,Apartamento,True,1,50,False,True,Moderado
656,13,8,Local,False,6,25,False,False,Moderado
280,11,11,Casa,False,5,32,False,True,Moderado
608,20,2,Local,False,5,25,True,False,Eficiente
829,20,14,Casa,False,6,36,True,False,Moderado
990,7,15,Casa,False,4,29,False,False,Ineficiente
1167,21,8,Apartamento,False,6,30,False,True,Moderado
220,7,2,Casa,False,2,32,False,False,Eficiente
1186,9,8,Oficina,True,3,10,False,False,Ineficiente
332,2,11,Casa,False,3,40,False,True,Ineficiente
332,23,9,Oficina,True,1,4,True,False,Moderado
703,18,12,Apartamento,False,5,1,False,False,Moderado
924,18,10,Apartamento,False,5,12,True,False,Moderado
748,16,13,Casa,False,1,17,True,True,Moderado
715,8,4,Casa,False,2,25,False,True,Moderado
386,20,5,Oficina,True,3,24,False,True,Moderado
1500,23,5,Casa,True,6,43,True,True,Moderado
711,24,13,Apartamento,True,4,13,False,False,Moderado
1236,4,10,Oficina,True,2,4,True,False,Ineficiente
1280,23,14,Casa,True,5,41,False,True,Moderado
396,12,8,Apartamento,True,1,1,True,True,Moderado
132,21,4,Apartamento,True,3,3,False,True,Moderado
314,20,11,Casa,False,1,11,False,False,Moderado
1116,10,6,Casa,True,5,10,False,False,Moderado
1500,11,8,Apartamento,True,1,3,True,True,Ineficiente
939,3,9,Casa,True,6,42,True,True,Ineficiente
510,2,2,Local,False,3,8,False,False,Moderado
872,17,13,Casa,True,1,9,False,False,Moderado
734,19,3,Oficina,False,3,26,True,False,Eficiente
1375,24,8,Casa,True,1,5,False,True,Moderado
1155,18,12,Apartamento,False,1,14,False,True,Ineficiente
992,7,14,Apartamento,False,3,41,False,False,Ineficiente
1140,15,15,Casa,True,6,30,True,False,Ineficiente
804,24,14,Casa,True,1,21,False,True,Moderado
1433,16,3,Local,False,6,5,False,True,Moderado
367,15,8,Oficina,False,2,32,True,False,Moderado
1485,23,10,Casa,False,4,28,True,True,Moderado
971,4,12,Apartamento,False,2,20,False,False,Ineficiente
1450,24,3,Casa,False,4,29,False,True,Moderado
289,20,8,Casa,False,2,20,False,False,Moderado
1279,13,5,Apartamento,True,4,35,True,True,Moderado
476,3,12,Local,True,1,21,False,False,Ineficiente
171,4,14,Casa,False,3,45,True,True,Moderado
1500,19,3,Oficina,False,3,19,True,True,Moderado
728,2,14,Casa,False,5,21,False,False,Ineficiente
408,21,8,Apartamento,False,4,39,False,False,Moderado
1340,22,14,Apartamento,False,5,10,False,True,Moderado
840,7,6,Apartamento,False,6,46,True,False,Moderado
313,6,2,Apartamento,False,6,30,False,True,Moderado
1026,2,6,Casa,True,5,50,True,False,Moderado
550,20,13,Local,False,4,39,True,True,Moderado
1437,2,13,Local,True,3,12,False,True,Ineficiente
1131,22,4,Casa,True,4,17,False,False,Moderado
486,22,8,Local,False,6,21,True,False,Moderado
1222,17,7,Casa,False,1,16,True,False,Moderado
742,13,9,Local,True,5,37,True,False,Moderado
567,23,14,Casa,True,5,24,False,False,Moderado
1171,9,6,Casa,False,6,31,False,True,Moderado
1500,17,3,Casa,False,4,14,True,True,Moderado
435,2,10,Apartamento,False,5,12,False,False,Ineficiente
489,5,15,Apartamento,True,3,25,True,True,Ineficiente
367,11,12,Casa,True,5,49,True,False,Moderado
128,12,9,Casa,True,4,10,False,False,Moderado
256,18,7,Casa,False,6,12,False,True,Moderado
159,24,14,Apartamento,False,3,32,True,False,Moderado
1004,8,11,Apartamento,True,3,49,True,True,Ineficiente
1500,13,8,Casa,True,5,36,True,True,Ineficiente
171,22,10,Casa,True,4,37,False,True,Moderado
993,8,8,Local,False,5,0,True,True,Ineficiente
1231,13,4,Casa,True,1,38,False,True,Moderado
477,16,7,Casa,False,6,26,False,False,Moderado
904,3,12,Casa,False,1,35,True,False,Ineficiente
466,15,14,Apartamento,False,3,31,False,False,Moderado
296,14,12,Apartamento,False,5,40,True,True,Moderado
900,5,8,Apartamento,True,1,14,False,True,Ineficiente
96,15,3,Casa,False,2,30,False,False,Eficiente
1251,15,4,Local,False,1,5,False,True,Moderado
744,17,5,Casa,True,5,24,True,False,Moderado
250,8,11,Local,False,5,48,False,False,Moderado
585,20,7,Apartamento,False,6,17,True,False,Moderado
1064,3,2,Apartamento,True,1,21,False,True,Moderado
1218,11,10,Casa,False,5,30,False,True,Ineficiente
370,19,6,Casa,False,5,35,True,False,Moderado
237,18,14,Apartamento,False,6,8,True,False,Moderado
1121,6,13,Apartamento,False,6,45,False,True,Ineficiente
544,13,15,Casa,True,6,2,False,False,Moderado
237,7,8,Oficina,True,6,32,False,True,Moderado
777,23,10,Oficina,False,2,26,False,False,Moderado
254,10,10,Apartamento,False,3,42,False,False,Moderado
1071,21,2,Oficina,False,5,0,False,True,Moderado
1160,2,2,Casa,True,4,43,True,True,Moderado
174,23,4,Casa,False,6,8,True,True,Moderado
174,16,7,Casa,True,3,4,False,True,Moderado
777,22,3,Apartamento,True,6,14,False,True,Eficiente
1085,7,11,Casa,True,3,49,False,True,Ineficiente
141,20,13,Oficina,True,4,8,True,True,Moderado
799,19,12,Casa,True,1,44,False,False,Moderado
760,7,2,Casa,True,2,27,True,False,Moderado
452,14,2,Local,True,5,12,False,False,Eficiente
731,2,14,Casa,False,1,23,False,True,Ineficiente
1500,24,6,Casa,False,4,44,True,True,Moderado
702,24,5,Apartamento,True,2,9,False,False,Moderado
386,14,2,Casa,False,2,41,False,False,Eficiente
536,8,5,Casa,False,2,21,False,False,Moderado
372,16,4,Casa,False,4,38,True,True,Moderado
492,13,3,Apartamento,True,6,21,True,False,Eficiente
1026,2,10,Oficina,False,6,36,True,False,Ineficiente
364,16,15,Local,False,6,38,True,False,Moderado
1274,5,12,Casa,True,1,19,True,False,Ineficiente
969,14,2,Casa,False,5,9,True,False,Moderado
1148,24,8,Apartamento,False,2,9,False,False,Moderado
1162,6,15,Oficina,False,2,25,False,False,Ineficiente
939,3,14,Casa,True,1,24,False,True,Ineficiente
903,24,5,Casa,True,6,27,False,True,Moderado
274,2,6,Local,True,2,12,False,False,Moderado
738,17,11,Oficina,False,2,14,False,True,Moderado
283,24,6,Casa,True,4,5,True,False,Moderado
826,7,2,Casa,False,3,11,True,False,Moderado
491,24,7,Casa,True,1,18,False,False,Moderado
1182,17,14,Casa,True,1,31,False,False,Ineficiente
550,15,10,Apartamento,True,6,10,False,False,Moderado
595,4,3,Apartamento,False,1,37,False,False,Moderado
566,16,8,Apartamento,False,6,32,True,False,Moderado
710,4,7,Casa,True,4,1,False,False,Moderado
687,24,6,Casa,False,4,14,False,False,Moderado
1376,3,5,Casa,False,5,35,False,True,Moderado
666,2,5,Casa,False,6,4,False,True,Moderado
804,10,7,Local,False,4,14,False,True,Moderado
556,10,5,Casa,True,6,42,True,True,Moderado
374,24,6,Casa,True,1,9,True,False,Moderado
1193,8,14,Casa,False,5,16,False,False,Ineficiente
573,4,7,Apartamento,True,3,33,False,True,Moderado
126,19,6,Apartamento,False,2,23,True,False,Moderado
1353,12,8,Local,True,2,9,True,False,Ineficiente
703,8,10,Casa,False,5,29,True,False,Ineficiente
346,10,11,Local,True,6,2,False,False,Moderado
540,2,8,Casa,False,6,50,False,False,Ineficiente
695,15,8,Casa,True,6,36,False,True,Moderado
1171,21,5,Oficina,False,3,2,False,False,Moderado
1500,7,2,Casa,True,2,39,True,True,Moderado
1130,8,15,Apartamento,False,5,4,True,False,Ineficiente
741,11,9,Casa,False,6,27,False,True,Moderado
1152,8,5,Apartamento,False,4,43,False,False,Moderado
835,3,2,Local,True,1,13,False,True,Moderado
295,5,6,Oficina,False,3,38,False,False,Moderado
829,22,15,Local,True,6,10,False,True,Moderado
238,18,15,Apartamento,True,2,7,False,False,Moderado
681,2,9,Casa,False,1,36,True,False,Ineficiente
994,11,5,Apartamento,False,5,7,False,True,Moderado
1134,20,14,Local,False,6,11,False,True,Moderado
84,16,13,Casa,False,2,14,False,False,Moderado
572,11,9,Apartamento,True,1,18,False,True,Moderado
699,20,9,Local,False,4,47,False,True,Moderado
510,13,4,Apartamento,True,3,45,True,True,Moderado
1025,17,10,Casa,False,5,27,False,False,Moderado
781,10,4,Oficina,False,2,6,True,True,Moderado
122,16,2,Casa,False,4,39,False,True,Eficiente
815,18,3,Casa,True,3,6,False,False,Moderado
462,15,7,Apartamento,False,3,29,False,True,Moderado
691,19,13,Casa,True,4,17,False,True,Moderado
677,3,11,Local,True,2,23,False,False,Ineficiente
525,5,3,Casa,True,3,5,False,False,Moderado
450,19,7,Casa,False,5,50,True,True,Moderado
1237,8,15,Casa,True,1,3,True,True,Ineficiente
381,14,2,Oficina,True,5,2,False,False,Eficiente
106,16,12,Apartamento,True,6,48,False,True,Moderado
1069,24,14,Casa,True,3,50,False,False,Moderado
1435,23,2,Casa,False,1,46,True,False,Moderado
599,2,6,Casa,False,4,5,False,False,Moderado
572,12,11,Apartamento,True,1,25,False,False,Moderado
699,11,14,Casa,False,1,43,False,False,Moderado
410,6,12,Apartamento,False,1,50,False,False,Ineficiente
412,17,10,Apartamento,False,3,37,False,False,Moderado
129,12,15,Local,False,6,10,False,False,Moderado
1469,22,9,Apartamento,True,6,28,True,True,Moderado
351,7,4,Apartamento,False,2,19,False,False,Moderado
856,10,4,Casa,True,6,9,False,True,Moderado
639,14,2,Local,True,3,25,False,False,Eficiente
930,9,15,Local,False,2,47,True,False,Ineficiente
1431,15,4,Casa,False,4,26,True,False,Moderado
630,2,15,Oficina,True,4,49,True,False,Ineficiente
